x,y,z,chr,coord
9.991,-6.683,-1.397,chr a,3000000
9.375,-7.357,-0.91,chr a,3100000
8.526,-7.348,-0.217,chr a,3200000
7.592,-7.009,-0.818,chr a,3300000
6.997,-6.201,-0.509,chr a,3400000
7.141,-5.544,0.513,chr a,3500000
7.405,-4.994,-0.452,chr a,3600000
7.786,-4.531,-1.03,chr a,3700000
8.311,-5.14,-1.67,chr a,3800000
8.994,-6.07,-2.386,chr a,3900000
8.189,-6.993,-1.844,chr a,4000000
7.742,-7.068,-0.887,chr a,4100000
8.869,-7.625,0.242,chr a,4200000
9.682,-8.22,0.786,chr a,4300000
10.323,-9.036,1.398,chr a,4400000
10.029,-9.706,2.448,chr a,4500000
10.006,-10.449,2.276,chr a,4600000
10.205,-11.17,1.674,chr a,4700000
10.343,-11.169,0.437,chr a,4800000
10.511,-11.011,1.5,chr a,4900000
10.213,-10.494,0.365,chr a,5000000
11.03,-12.136,-0.977,chr a,5100000
11.595,-12.678,-1.658,chr a,5200000
11.675,-12.954,-2.672,chr a,5300000
12.283,-13.532,-2.194,chr a,5400000
11.831,-14.423,-1.745,chr a,5500000
10.892,-14.151,-1.736,chr a,5600000
10.498,-13.09,-1.819,chr a,5700000
9.772,-12.829,-0.907,chr a,5800000
8.904,-11.644,2.364,chr a,5900000
9.0,-10.994,3.357,chr a,6000000
8.562,-10.282,3.446,chr a,6100000
7.094,-8.272,4.892,chr a,6200000
6.54,-8.427,5.144,chr a,6300000
5.673,-8.302,4.315,chr a,6400000
4.967,-8.539,3.617,chr a,6500000
4.917,-9.461,4.092,chr a,6600000
5.569,-10.244,4.39,chr a,6700000
6.166,-10.284,3.387,chr a,6800000
5.354,-8.589,4.797,chr a,6900000
5.185,-7.698,5.955,chr a,7000000
5.22,-7.82,6.173,chr a,7100000
5.862,-6.907,5.749,chr a,7200000
5.341,-6.627,4.818,chr a,7300000
5.725,-5.828,4.178,chr a,7400000
5.274,-5.842,3.281,chr a,7500000
4.996,-6.847,3.453,chr a,7600000
4.105,-7.662,3.832,chr a,7700000
3.773,-7.703,3.783,chr a,7800000
3.596,-7.659,4.732,chr a,7900000
2.798,-7.957,5.218,chr a,8000000
2.199,-6.764,5.0,chr a,8100000
2.14,-6.792,4.47,chr a,8200000
2.949,-6.128,3.687,chr a,8300000
3.863,-5.869,4.369,chr a,8400000
3.849,-6.495,5.307,chr a,8500000
3.784,-6.721,6.425,chr a,8600000
3.855,-6.657,5.873,chr a,8700000
4.488,-5.505,5.906,chr a,8800000
5.014,-5.347,5.824,chr a,8900000
4.439,-4.753,5.086,chr a,9000000
3.421,-4.94,4.948,chr a,9100000
2.353,-5.328,5.318,chr a,9200000
2.0,-5.343,6.354,chr a,9300000
3.034,-5.975,6.92,chr a,9400000
4.42,-7.491,7.474,chr a,9500000
3.623,-7.133,7.601,chr a,9600000
4.294,-8.194,7.942,chr a,9700000
4.557,-8.203,8.756,chr a,9800000
3.955,-8.222,9.716,chr a,9900000
4.558,-9.32,9.343,chr a,10000000
3.973,-9.673,8.298,chr a,10100000
4.43,-9.606,7.097,chr a,10200000
4.72,-9.896,5.931,chr a,10300000
4.951,-10.241,5.82,chr a,10400000
3.98,-10.382,5.549,chr a,10500000
3.88,-10.981,5.714,chr a,10600000
4.388,-11.851,6.633,chr a,10700000
5.264,-12.329,7.457,chr a,10800000
5.625,-12.335,6.944,chr a,10900000
4.701,-13.354,6.789,chr a,11000000
4.827,-13.795,6.836,chr a,11100000
4.69,-13.75,7.728,chr a,11200000
3.952,-12.721,7.853,chr a,11300000
3.94,-12.967,8.077,chr a,11400000
3.249,-12.469,7.472,chr a,11500000
2.926,-12.576,6.418,chr a,11600000
2.365,-10.718,4.533,chr a,11700000
2.113,-10.552,3.865,chr a,11800000
2.167,-11.044,4.407,chr a,11900000
2.919,-11.761,4.997,chr a,12000000
3.033,-10.826,5.724,chr a,12100000
3.138,-11.757,4.842,chr a,12200000
2.746,-12.376,4.021,chr a,12300000
2.643,-13.225,4.659,chr a,12400000
1.691,-13.535,5.32,chr a,12500000
1.657,-13.438,5.404,chr a,12600000
3.783,-13.486,5.059,chr a,12700000
4.563,-12.601,4.646,chr a,12800000
4.88,-12.372,5.632,chr a,12900000
5.253,-12.039,6.745,chr a,13000000
4.278,-11.402,6.983,chr a,13100000
4.353,-12.68,5.943,chr a,13200000
4.757,-13.704,4.986,chr a,13300000
5.779,-14.053,4.364,chr a,13400000
6.503,-13.892,3.638,chr a,13500000
5.557,-13.933,3.403,chr a,13600000
4.549,-13.675,2.76,chr a,13700000
4.244,-14.647,2.383,chr a,13800000
3.924,-14.82,3.811,chr a,13900000
3.667,-13.838,3.361,chr a,14000000
4.055,-14.144,2.491,chr a,14100000
4.988,-14.966,3.288,chr a,14200000
5.668,-15.603,3.901,chr a,14300000
5.038,-15.543,4.785,chr a,14400000
5.426,-16.235,4.128,chr a,14500000
4.433,-16.501,4.101,chr a,14600000
4.447,-16.053,3.015,chr a,14700000
5.387,-15.556,2.276,chr a,14800000
6.303,-15.205,0.115,chr a,14900000
6.544,-14.757,-1.453,chr a,15000000
5.688,-14.579,-2.353,chr a,15100000
6.278,-14.63,-2.874,chr a,15200000
7.0,-14.209,-3.467,chr a,15300000
7.361,-14.032,-2.536,chr a,15400000
7.513,-14.983,-3.007,chr a,15500000
7.638,-15.392,-3.58,chr a,15600000
6.782,-16.498,-1.909,chr a,15700000
8.581,-18.902,-2.421,chr a,15800000
8.272,-18.93,-3.703,chr a,15900000
7.945,-18.543,-3.801,chr a,16000000
8.661,-18.535,-3.742,chr a,16100000
8.756,-17.452,-3.928,chr a,16200000
8.18,-16.801,-4.675,chr a,16300000
7.489,-16.787,-3.727,chr a,16400000
8.157,-16.772,-3.1,chr a,16500000
7.73,-16.859,-2.49,chr a,16600000
6.837,-17.041,-1.93,chr a,16700000
7.334,-16.078,-1.326,chr a,16800000
7.265,-15.67,-1.355,chr a,16900000
7.367,-16.213,-0.217,chr a,17000000
7.897,-17.482,0.358,chr a,17100000
8.691,-18.013,-0.095,chr a,17200000
8.339,-17.214,-0.048,chr a,17300000
8.142,-17.324,-0.775,chr a,17400000
8.557,-16.935,-1.456,chr a,17500000
7.912,-15.975,-0.442,chr a,17600000
7.998,-14.686,0.161,chr a,17700000
8.4,-13.447,0.449,chr a,17800000
9.008,-12.867,1.205,chr a,17900000
9.47,-12.669,0.854,chr a,18000000
9.614,-11.857,0.052,chr a,18100000
10.037,-11.831,-0.991,chr a,18200000
9.107,-11.818,-2.232,chr a,18300000
8.48,-11.11,-2.86,chr a,18400000
7.419,-11.023,-3.001,chr a,18500000
7.206,-12.043,-3.336,chr a,18600000
8.252,-12.457,-3.237,chr a,18700000
9.023,-12.368,-4.038,chr a,18800000
9.851,-12.274,-3.418,chr a,18900000
10.311,-11.804,-2.654,chr a,19000000
9.802,-11.02,-1.693,chr a,19100000
10.438,-10.321,-1.402,chr a,19200000
9.924,-9.861,-2.278,chr a,19300000
9.512,-9.813,-3.245,chr a,19400000
9.573,-10.507,-3.747,chr a,19500000
10.64,-10.598,-3.201,chr a,19600000
11.592,-10.827,-2.179,chr a,19700000
12.584,-11.606,-2.088,chr a,19800000
13.308,-11.927,-2.778,chr a,19900000
12.689,-11.366,-3.375,chr a,20000000
11.722,-11.434,-3.74,chr a,20100000
12.518,-10.439,-3.646,chr a,20200000
12.362,-9.602,-3.541,chr a,20300000
12.153,-9.911,-2.288,chr a,20400000
12.653,-10.39,-1.79,chr a,20500000
12.653,-11.107,-1.111,chr a,20600000
12.32,-11.317,0.032,chr a,20700000
11.779,-11.595,0.509,chr a,20800000
11.238,-10.913,-0.266,chr a,20900000
11.082,-10.224,-0.605,chr a,21000000
11.027,-9.52,-1.325,chr a,21100000
10.844,-8.81,-1.084,chr a,21200000
9.919,-9.094,-0.575,chr a,21300000
9.231,-9.325,-0.558,chr a,21400000
8.198,-8.931,-1.3,chr a,21500000
8.402,-9.68,-1.53,chr a,21600000
8.938,-10.092,-0.875,chr a,21700000
9.095,-10.239,-0.546,chr a,21800000
8.439,-9.241,0.225,chr a,21900000
7.627,-8.459,1.069,chr a,22000000
6.929,-7.939,2.059,chr a,22100000
6.501,-7.285,3.16,chr a,22200000
7.637,-6.722,4.151,chr a,22300000
7.079,-7.05,4.133,chr a,22400000
6.239,-7.596,3.414,chr a,22500000
6.789,-7.571,2.321,chr a,22600000
6.862,-6.266,2.383,chr a,22700000
7.921,-6.338,2.22,chr a,22800000
8.332,-6.933,1.246,chr a,22900000
7.864,-6.661,0.99,chr a,23000000
8.496,-5.699,1.736,chr a,23100000
8.704,-6.425,2.593,chr a,23200000
8.358,-7.485,3.27,chr a,23300000
7.896,-7.76,2.626,chr a,23400000
8.879,-8.238,2.312,chr a,23500000
9.465,-7.889,2.022,chr a,23600000
9.834,-6.765,2.047,chr a,23700000
10.347,-6.152,2.715,chr a,23800000
9.239,-5.73,2.953,chr a,23900000
9.202,-6.391,3.836,chr a,24000000
10.173,-7.154,3.579,chr a,24100000
9.903,-7.893,2.781,chr a,24200000
10.2,-8.707,3.619,chr a,24300000
9.195,-8.823,4.089,chr a,24400000
8.775,-8.309,4.217,chr a,24500000
8.383,-8.908,3.981,chr a,24600000
7.275,-9.084,3.503,chr a,24700000
6.569,-9.476,3.322,chr a,24800000
6.715,-9.287,3.233,chr a,24900000
5.665,-9.258,2.567,chr a,25000000
5.673,-9.514,2.42,chr a,25100000
6.632,-9.618,1.79,chr a,25200000
6.978,-9.908,1.315,chr a,25300000
7.168,-10.405,2.175,chr a,25400000
7.988,-10.417,2.881,chr a,25500000
8.208,-9.376,2.644,chr a,25600000
8.24,-8.958,2.033,chr a,25700000
6.641,-8.602,0.08,chr a,25800000
6.488,-9.01,-0.231,chr a,25900000
5.577,-9.342,-0.729,chr a,26000000
4.865,-9.125,-0.621,chr a,26100000
4.101,-8.94,0.312,chr a,26200000
4.093,-8.309,1.542,chr a,26300000
5.279,-8.485,1.06,chr a,26400000
5.295,-8.254,1.395,chr a,26500000
4.964,-7.584,2.083,chr a,26600000
5.389,-6.637,1.577,chr a,26700000
6.282,-7.108,0.691,chr a,26800000
6.419,-6.973,0.87,chr a,26900000
5.192,-6.634,0.409,chr a,27000000
4.588,-7.245,-0.042,chr a,27100000
4.465,-6.448,-1.046,chr a,27200000
5.283,-6.67,-1.628,chr a,27300000
5.806,-7.548,-1.467,chr a,27400000
6.468,-8.296,-1.64,chr a,27500000
5.984,-8.958,-2.486,chr a,27600000
4.866,-8.86,-2.507,chr a,27700000
4.486,-8.331,-1.587,chr a,27800000
3.698,-7.592,-1.065,chr a,27900000
3.11,-7.64,-0.551,chr a,28000000
2.652,-7.659,0.371,chr a,28100000
3.708,-6.925,0.435,chr a,28200000
4.243,-6.489,1.448,chr a,28300000
3.56,-6.024,2.308,chr a,28400000
2.836,-5.504,1.987,chr a,28500000
2.2,-6.304,1.579,chr a,28600000
2.795,-7.217,2.06,chr a,28700000
1.682,-7.055,2.487,chr a,28800000
0.8,-7.69,2.593,chr a,28900000
0.778,-8.791,2.419,chr a,29000000
1.628,-8.524,1.329,chr a,29100000
2.322,-9.068,1.517,chr a,29200000
2.917,-9.817,1.052,chr a,29300000
3.537,-10.74,1.526,chr a,29400000
4.084,-9.853,1.801,chr a,29500000
3.753,-9.549,2.747,chr a,29600000
3.736,-10.751,3.151,chr a,29700000
4.074,-10.566,4.185,chr a,29800000
3.944,-10.755,3.486,chr a,29900000
2.875,-10.142,2.89,chr a,30000000
2.742,-9.059,2.775,chr a,30100000
2.363,-8.403,3.373,chr a,30200000
2.383,-8.797,3.081,chr a,30300000
1.766,-9.291,4.089,chr a,30400000
0.764,-9.833,3.724,chr a,30500000
0.44,-13.121,4.463,chr a,30600000
0.015,-14.227,4.308,chr a,30700000
-0.185,-14.648,3.765,chr a,30800000
-0.661,-14.024,2.752,chr a,30900000
-1.77,-13.473,1.929,chr a,31000000
-1.261,-12.667,1.278,chr a,31100000
-1.081,-11.435,0.727,chr a,31200000
-0.478,-10.95,-0.096,chr a,31300000
0.002,-10.733,-1.027,chr a,31400000
0.322,-9.723,-1.258,chr a,31500000
0.478,-9.225,-0.308,chr a,31600000
0.122,-9.423,0.714,chr a,31700000
-0.062,-8.148,0.756,chr a,31800000
0.256,-7.295,0.088,chr a,31900000
-0.633,-6.628,0.237,chr a,32000000
-1.181,-7.202,1.004,chr a,32100000
-0.855,-8.063,1.492,chr a,32200000
-0.981,-9.103,1.524,chr a,32300000
-0.578,-10.008,1.639,chr a,32400000
-0.056,-10.774,1.744,chr a,32500000
0.066,-11.851,1.946,chr a,32600000
-0.001,-12.872,2.555,chr a,32700000
0.312,-12.485,1.991,chr a,32800000
0.2,-12.466,0.881,chr a,32900000
0.527,-12.173,0.204,chr a,33000000
0.414,-12.866,0.793,chr a,33100000
-0.109,-13.862,0.924,chr a,33200000
-0.615,-14.713,1.237,chr a,33300000
-0.983,-15.625,1.359,chr a,33400000
-0.801,-15.206,1.274,chr a,33500000
1.886,-16.939,1.089,chr a,33600000
2.757,-17.211,1.474,chr a,33700000
3.206,-17.918,1.757,chr a,33800000
3.811,-18.26,0.792,chr a,33900000
4.669,-18.234,1.662,chr a,34000000
4.145,-17.71,2.515,chr a,34100000
4.991,-17.799,2.958,chr a,34200000
4.385,-17.178,2.291,chr a,34300000
4.898,-16.967,2.88,chr a,34400000
5.379,-16.405,2.114,chr a,34500000
6.211,-16.083,1.646,chr a,34600000
6.291,-15.72,1.265,chr a,34700000
6.701,-16.382,1.333,chr a,34800000
5.353,-16.089,1.2,chr a,34900000
4.901,-15.365,0.443,chr a,35000000
4.515,-15.674,-0.136,chr a,35100000
4.937,-16.606,0.328,chr a,35200000
5.596,-16.108,-0.357,chr a,35300000
6.037,-16.867,-0.388,chr a,35400000
6.094,-16.294,-0.526,chr a,35500000
6.371,-17.275,-0.644,chr a,35600000
6.413,-17.365,-0.714,chr a,35700000
6.406,-17.422,1.034,chr a,35800000
5.862,-17.975,1.164,chr a,35900000
6.222,-17.77,1.155,chr a,36000000
6.611,-17.79,1.904,chr a,36100000
6.978,-18.247,2.544,chr a,36200000
7.315,-17.249,2.742,chr a,36300000
6.354,-17.718,3.255,chr a,36400000
6.868,-18.338,4.522,chr a,36500000
7.189,-18.197,5.575,chr a,36600000
7.745,-18.045,5.207,chr a,36700000
7.082,-17.858,4.328,chr a,36800000
7.178,-16.785,4.357,chr a,36900000
7.818,-16.586,4.963,chr a,37000000
7.445,-16.525,5.427,chr a,37100000
7.629,-16.211,6.114,chr a,37200000
7.385,-15.249,6.861,chr a,37300000
7.657,-15.36,7.171,chr a,37400000
8.55,-15.209,7.166,chr a,37500000
8.711,-14.96,6.561,chr a,37600000
9.376,-13.989,6.164,chr a,37700000
9.145,-13.105,5.367,chr a,37800000
9.167,-12.22,5.314,chr a,37900000
9.811,-12.538,4.531,chr a,38000000
9.532,-12.699,3.764,chr a,38100000
9.353,-11.827,4.031,chr a,38200000
10.325,-11.586,3.307,chr a,38300000
10.19,-10.943,3.851,chr a,38400000
9.815,-10.4,4.269,chr a,38500000
9.41,-10.295,5.182,chr a,38600000
8.779,-11.125,5.169,chr a,38700000
7.797,-11.193,5.624,chr a,38800000
7.836,-10.185,6.339,chr a,38900000
6.722,-9.627,6.15,chr a,39000000
6.467,-9.427,6.22,chr a,39100000
5.488,-8.823,7.129,chr a,39200000
6.017,-8.58,7.466,chr a,39300000
6.013,-8.648,8.419,chr a,39400000
5.751,-9.859,8.557,chr a,39500000
6.022,-10.827,7.515,chr a,39600000
5.614,-10.191,7.454,chr a,39700000
6.522,-10.907,7.206,chr a,39800000
7.362,-10.531,7.985,chr a,39900000
7.103,-10.157,7.472,chr a,40000000
8.243,-9.091,5.509,chr a,40100000
7.813,-9.795,4.999,chr a,40200000
7.438,-10.006,4.77,chr a,40300000
7.098,-9.089,3.679,chr a,40400000
6.878,-10.119,4.585,chr a,40500000
6.537,-11.3,5.665,chr a,40600000
6.264,-10.677,4.811,chr a,40700000
7.117,-11.257,2.649,chr a,40800000
7.631,-11.689,1.627,chr a,40900000
6.722,-11.799,0.742,chr a,41000000
6.19,-12.657,0.682,chr a,41100000
5.426,-12.584,0.797,chr a,41200000
5.803,-12.347,-0.178,chr a,41300000
4.987,-11.934,-1.007,chr a,41400000
4.692,-11.293,-1.57,chr a,41500000
5.196,-10.966,-1.516,chr a,41600000
6.141,-12.841,-1.761,chr a,41700000
6.094,-12.942,-0.748,chr a,41800000
5.218,-13.918,-0.79,chr a,41900000
5.169,-13.983,-0.386,chr a,42000000
4.913,-14.307,0.579,chr a,42100000
5.476,-14.05,1.468,chr a,42200000
5.942,-14.249,1.734,chr a,42300000
6.52,-14.541,1.205,chr a,42400000
6.595,-14.747,0.041,chr a,42500000
6.583,-13.405,0.349,chr a,42600000
5.674,-12.855,1.114,chr a,42700000
4.896,-12.773,2.083,chr a,42800000
4.586,-12.337,2.743,chr a,42900000
5.447,-12.733,2.234,chr a,43000000
7.491,-11.677,4.119,chr a,43100000
7.148,-12.046,4.479,chr a,43200000
7.122,-11.193,3.784,chr a,43300000
5.906,-11.054,3.361,chr a,43400000
5.92,-12.052,4.015,chr a,43500000
6.094,-12.142,3.984,chr a,43600000
5.579,-11.711,3.626,chr a,43700000
6.465,-12.178,2.629,chr a,43800000
6.918,-13.095,2.419,chr a,43900000
8.306,-13.156,2.503,chr a,44000000
7.452,-12.909,2.031,chr a,44100000
7.355,-13.025,1.912,chr a,44200000
7.457,-13.398,0.566,chr a,44300000
7.713,-13.264,-0.593,chr a,44400000
7.965,-12.652,-1.255,chr a,44500000
6.892,-12.209,-1.395,chr a,44600000
6.946,-11.783,-1.083,chr a,44700000
6.882,-10.666,-1.126,chr a,44800000
7.308,-10.717,-0.262,chr a,44900000
8.21,-11.389,-0.578,chr a,45000000
8.399,-12.036,-0.183,chr a,45100000
8.535,-11.622,0.1,chr a,45200000
8.645,-10.947,1.198,chr a,45300000
8.743,-10.179,1.112,chr a,45400000
8.556,-10.821,1.273,chr a,45500000
7.992,-11.862,1.05,chr a,45600000
6.889,-11.637,0.819,chr a,45700000
5.73,-11.336,1.673,chr a,45800000
5.406,-10.984,1.887,chr a,45900000
5.395,-11.125,1.474,chr a,46000000
5.7,-10.657,0.381,chr a,46100000
5.613,-10.686,0.38,chr a,46200000
4.67,-10.95,0.421,chr a,46300000
4.083,-11.787,0.566,chr a,46400000
4.002,-12.791,0.38,chr a,46500000
3.896,-13.504,0.62,chr a,46600000
3.715,-13.197,1.283,chr a,46700000
3.284,-13.863,1.491,chr a,46800000
3.122,-13.753,1.406,chr a,46900000
3.12,-12.396,1.502,chr a,47000000
2.207,-12.04,1.801,chr a,47100000
1.926,-11.295,1.814,chr a,47200000
1.556,-10.692,0.632,chr a,47300000
1.882,-10.519,-0.373,chr a,47400000
2.846,-10.594,-0.707,chr a,47500000
2.776,-11.288,0.176,chr a,47600000
3.535,-11.417,1.984,chr a,47700000
3.708,-11.958,2.979,chr a,47800000
2.878,-11.9,3.122,chr a,47900000
2.339,-12.525,3.774,chr a,48000000
2.625,-13.298,3.163,chr a,48100000
2.685,-12.166,2.932,chr a,48200000
1.97,-12.573,2.034,chr a,48300000
1.873,-11.601,1.322,chr a,48400000
1.635,-10.632,2.274,chr a,48500000
1.397,-11.274,2.842,chr a,48600000
1.764,-13.308,1.495,chr a,48700000
2.047,-13.074,0.225,chr a,48800000
1.396,-13.518,-0.797,chr a,48900000
1.63,-13.806,-1.241,chr a,49000000
2.349,-13.968,-0.113,chr a,49100000
2.146,-12.875,-0.029,chr a,49200000
2.466,-12.333,-0.005,chr a,49300000
3.032,-12.444,-1.167,chr a,49400000
2.657,-12.958,-1.994,chr a,49500000
3.496,-13.315,-1.42,chr a,49600000
3.326,-13.79,-0.484,chr a,49700000
4.277,-15.467,1.566,chr a,49800000
3.781,-15.682,1.342,chr a,49900000
3.512,-16.516,0.539,chr a,50000000
2.886,-16.816,-0.567,chr a,50100000
3.2,-16.897,-1.899,chr a,50200000
3.331,-16.435,-2.77,chr a,50300000
3.251,-15.796,-2.018,chr a,50400000
2.937,-16.172,-0.793,chr a,50500000
2.198,-15.63,-1.027,chr a,50600000
2.607,-15.114,-1.591,chr a,50700000
3.764,-14.823,-1.876,chr a,50800000
3.888,-15.289,-0.961,chr a,50900000
3.163,-15.886,-0.038,chr a,51000000
2.198,-15.447,0.04,chr a,51100000
2.336,-15.22,0.195,chr a,51200000
2.743,-15.3,0.568,chr a,51300000
3.061,-15.941,1.678,chr a,51400000
2.58,-15.219,1.488,chr a,51500000
2.362,-14.928,2.097,chr a,51600000
2.873,-15.374,3.28,chr a,51700000
3.507,-14.875,4.125,chr a,51800000
2.533,-15.052,4.713,chr a,51900000
1.689,-14.736,3.811,chr a,52000000
1.048,-14.937,2.824,chr a,52100000
0.56,-15.113,1.779,chr a,52200000
0.702,-15.682,1.006,chr a,52300000
0.734,-14.901,0.354,chr a,52400000
1.141,-14.111,1.29,chr a,52500000
1.039,-14.197,2.226,chr a,52600000
-0.052,-14.378,1.939,chr a,52700000
-0.424,-14.138,0.778,chr a,52800000
0.009,-14.494,-0.224,chr a,52900000
-0.466,-15.636,-0.345,chr a,53000000
-1.76,-15.962,0.317,chr a,53100000
-1.439,-16.659,0.272,chr a,53200000
-1.55,-17.45,-0.595,chr a,53300000
-2.042,-17.541,-1.147,chr a,53400000
-1.136,-17.981,-0.446,chr a,53500000
-0.387,-18.251,-0.398,chr a,53600000
0.228,-17.092,-0.243,chr a,53700000
-0.289,-16.232,-0.099,chr a,53800000
0.605,-16.143,-0.945,chr a,53900000
1.423,-16.473,-1.805,chr a,54000000
1.543,-16.643,-2.382,chr a,54100000
1.101,-17.025,-1.863,chr a,54200000
0.144,-17.627,-1.828,chr a,54300000
-0.638,-17.913,-1.544,chr a,54400000
-0.095,-17.278,-0.986,chr a,54500000
0.602,-17.863,-0.171,chr a,54600000
0.264,-17.661,0.836,chr a,54700000
0.953,-16.967,1.182,chr a,54800000
1.66,-16.455,1.29,chr a,54900000
1.849,-16.685,2.587,chr a,55000000
1.615,-16.313,3.537,chr a,55100000
1.347,-15.083,3.154,chr a,55200000
1.365,-14.191,3.667,chr a,55300000
1.816,-13.111,3.348,chr a,55400000
1.172,-12.521,3.838,chr a,55500000
0.575,-13.37,3.752,chr a,55600000
0.936,-12.623,3.572,chr a,55700000
1.218,-11.864,4.742,chr a,55800000
0.939,-10.414,5.488,chr a,55900000
0.818,-9.415,5.724,chr a,56000000
0.503,-9.369,5.673,chr a,56100000
-0.102,-9.352,6.47,chr a,56200000
-1.05,-10.081,6.47,chr a,56300000
-0.019,-9.459,7.206,chr a,56400000
0.611,-8.699,7.913,chr a,56500000
0.796,-7.465,8.321,chr a,56600000
1.261,-6.697,7.83,chr a,56700000
1.327,-6.681,6.742,chr a,56800000
0.968,-7.675,6.421,chr a,56900000
1.07,-8.096,5.514,chr a,57000000
0.737,-7.913,4.488,chr a,57100000
1.184,-8.024,5.445,chr a,57200000
1.774,-7.499,6.459,chr a,57300000
2.505,-7.698,7.468,chr a,57400000
2.178,-8.328,8.206,chr a,57500000
2.405,-8.62,8.763,chr a,57600000
2.464,-8.096,8.481,chr a,57700000
2.782,-7.052,9.03,chr a,57800000
2.612,-7.642,9.695,chr a,57900000
1.462,-7.689,9.591,chr a,58000000
1.434,-7.696,10.3,chr a,58100000
1.492,-7.689,10.366,chr a,58200000
1.385,-6.485,10.58,chr a,58300000
1.897,-5.939,11.017,chr a,58400000
1.076,-5.769,10.432,chr a,58500000
0.993,-5.107,9.518,chr a,58600000
0.611,-4.3,8.982,chr a,58700000
-0.196,-4.627,9.585,chr a,58800000
-0.686,-4.723,10.417,chr a,58900000
-1.208,-4.083,11.006,chr a,59000000
-0.686,-3.088,11.332,chr a,59100000
0.112,-3.333,12.143,chr a,59200000
0.679,-3.22,12.505,chr a,59300000
0.845,-2.265,11.711,chr a,59400000
0.872,-2.734,11.832,chr a,59500000
1.005,-1.98,11.757,chr a,59600000
0.489,-1.866,10.765,chr a,59700000
0.139,-1.187,9.99,chr a,59800000
-0.335,-2.308,9.71,chr a,59900000
-0.945,-2.368,10.186,chr a,60000000
-0.025,-2.886,10.124,chr a,60100000
-0.526,-2.899,9.414,chr a,60200000
-1.72,-3.22,8.87,chr a,60300000
-1.129,-3.482,9.063,chr a,60400000
-0.706,-4.43,8.329,chr a,60500000
-0.787,-4.943,7.742,chr a,60600000
-0.507,-5.796,6.877,chr a,60700000
-0.215,-6.159,7.512,chr a,60800000
-0.406,-5.987,8.239,chr a,60900000
-0.689,-6.721,7.478,chr a,61000000
-1.355,-6.68,6.563,chr a,61100000
-1.957,-7.286,5.579,chr a,61200000
-2.32,-7.137,4.427,chr a,61300000
-3.16,-6.756,4.893,chr a,61400000
-2.627,-7.291,5.72,chr a,61500000
-2.237,-8.375,5.461,chr a,61600000
-1.697,-8.077,4.367,chr a,61700000
-1.105,-7.756,4.574,chr a,61800000
-0.698,-7.761,5.685,chr a,61900000
-0.159,-6.656,5.67,chr a,62000000
0.113,-6.12,5.858,chr a,62100000
-0.732,-5.959,5.13,chr a,62200000
-1.733,-5.637,5.047,chr a,62300000
-2.281,-5.58,5.216,chr a,62400000
-2.2,-6.081,6.46,chr a,62500000
-2.366,-5.836,6.954,chr a,62600000
-2.382,-5.118,6.869,chr a,62700000
-2.235,-5.552,7.837,chr a,62800000
-1.691,-6.045,8.344,chr a,62900000
0.255,-6.171,9.474,chr a,63000000
-0.101,-6.507,10.084,chr a,63100000
-0.437,-7.172,9.841,chr a,63200000
-1.588,-7.32,9.761,chr a,63300000
-1.5,-7.201,9.16,chr a,63400000
-2.053,-7.651,8.33,chr a,63500000
-3.161,-8.102,7.804,chr a,63600000
-3.415,-8.585,7.604,chr a,63700000
-3.528,-9.245,8.68,chr a,63800000
-2.432,-9.391,9.138,chr a,63900000
-1.36,-9.547,9.049,chr a,64000000
-1.462,-8.733,8.323,chr a,64100000
-1.259,-9.147,7.787,chr a,64200000
-1.793,-8.472,6.775,chr a,64300000
-2.27,-7.614,7.456,chr a,64400000
-1.446,-7.628,7.285,chr a,64500000
-2.2,-8.895,7.308,chr a,64600000
-2.773,-10.135,7.349,chr a,64700000
-2.428,-10.372,8.418,chr a,64800000
-2.165,-10.218,7.771,chr a,64900000
-3.455,-10.4,7.142,chr a,65000000
-2.6,-10.85,6.568,chr a,65100000
-3.003,-11.528,5.859,chr a,65200000
-3.339,-11.256,4.668,chr a,65300000
-4.104,-11.621,3.058,chr a,65400000
-4.587,-11.233,2.769,chr a,65500000
-4.354,-10.78,3.477,chr a,65600000
-3.843,-10.282,3.403,chr a,65700000
-3.745,-10.357,4.536,chr a,65800000
-3.466,-9.438,5.235,chr a,65900000
-2.963,-9.53,5.571,chr a,66000000
-0.994,-10.054,6.098,chr a,66100000
-0.666,-9.596,4.964,chr a,66200000
-0.982,-9.724,4.728,chr a,66300000
-1.825,-8.907,5.171,chr a,66400000
-2.391,-9.755,5.607,chr a,66500000
-2.149,-10.361,5.239,chr a,66600000
-2.213,-11.047,4.847,chr a,66700000
-2.034,-10.636,4.429,chr a,66800000
-1.619,-10.103,3.662,chr a,66900000
-1.421,-9.498,3.225,chr a,67000000
-2.453,-9.768,3.617,chr a,67100000
-3.155,-10.133,2.975,chr a,67200000
-2.358,-10.853,2.31,chr a,67300000
-2.418,-11.585,2.91,chr a,67400000
-2.66,-11.599,3.895,chr a,67500000
-1.658,-11.768,4.649,chr a,67600000
-1.149,-12.712,5.462,chr a,67700000
-0.983,-13.264,5.752,chr a,67800000
0.34,-13.479,5.792,chr a,67900000
-0.149,-12.665,5.186,chr a,68000000
-0.362,-11.567,4.875,chr a,68100000
-0.332,-10.663,3.51,chr a,68200000
-0.531,-10.929,3.354,chr a,68300000
-0.755,-11.964,3.979,chr a,68400000
-1.295,-12.93,3.803,chr a,68500000
-1.375,-13.939,3.329,chr a,68600000
-1.819,-14.295,4.319,chr a,68700000
-1.515,-13.496,3.731,chr a,68800000
-0.96,-12.751,2.762,chr a,68900000
-1.338,-12.193,2.718,chr a,69000000
-0.694,-11.714,3.745,chr a,69100000
-0.515,-11.469,5.144,chr a,69200000
-1.16,-11.588,6.253,chr a,69300000
-1.046,-12.05,6.719,chr a,69400000
-1.591,-12.603,7.119,chr a,69500000
-1.221,-12.455,7.446,chr a,69600000
-0.062,-12.516,7.291,chr a,69700000
0.546,-12.236,6.431,chr a,69800000
0.134,-11.266,6.643,chr a,69900000
1.189,-11.053,7.258,chr a,70000000
2.063,-10.945,6.295,chr a,70100000
2.512,-10.901,6.361,chr a,70200000
2.536,-12.014,6.105,chr a,70300000
3.052,-12.675,6.351,chr a,70400000
1.425,-11.899,5.399,chr a,70500000
0.905,-10.918,4.668,chr a,70600000
2.379,-10.205,4.225,chr a,70700000
3.237,-9.557,4.657,chr a,70800000
2.768,-9.352,5.649,chr a,70900000
3.33,-9.207,6.596,chr a,71000000
3.835,-8.742,6.053,chr a,71100000
3.844,-8.83,5.376,chr a,71200000
3.414,-8.118,6.019,chr a,71300000
3.156,-9.153,6.646,chr a,71400000
3.069,-9.719,7.866,chr a,71500000
3.197,-9.272,9.107,chr a,71600000
2.725,-9.783,8.737,chr a,71700000
1.639,-10.111,8.021,chr a,71800000
1.476,-9.191,7.068,chr a,71900000
2.378,-9.66,7.564,chr a,72000000
2.989,-10.384,7.57,chr a,72100000
2.975,-11.428,7.904,chr a,72200000
2.884,-11.158,8.827,chr a,72300000
2.283,-10.67,8.615,chr a,72400000
1.259,-11.589,9.206,chr a,72500000
1.664,-10.855,9.751,chr a,72600000
2.048,-10.471,10.016,chr a,72700000
1.997,-9.436,10.39,chr a,72800000
2.134,-10.03,10.783,chr a,72900000
2.616,-10.571,11.088,chr a,73000000
2.17,-10.99,11.382,chr a,73100000
2.355,-11.737,10.514,chr a,73200000
2.876,-12.154,9.344,chr a,73300000
2.305,-12.742,9.115,chr a,73400000
1.575,-12.319,9.856,chr a,73500000
2.23,-12.378,10.779,chr a,73600000
2.554,-12.466,10.918,chr a,73700000
2.08,-12.922,10.419,chr a,73800000
2.104,-13.669,11.295,chr a,73900000
2.303,-13.61,12.052,chr a,74000000
2.275,-13.054,12.339,chr a,74100000
2.642,-12.203,13.239,chr a,74200000
3.494,-12.942,13.604,chr a,74300000
3.336,-12.22,13.444,chr a,74400000
2.976,-13.212,13.374,chr a,74500000
3.39,-12.828,14.443,chr a,74600000
2.598,-12.006,14.973,chr a,74700000
2.288,-11.439,16.106,chr a,74800000
1.757,-10.799,15.313,chr a,74900000
1.309,-10.52,15.49,chr a,75000000
0.941,-9.717,16.356,chr a,75100000
0.129,-9.924,15.799,chr a,75200000
-0.773,-10.365,15.04,chr a,75300000
-1.62,-9.791,14.936,chr a,75400000
-1.6,-8.972,16.059,chr a,75500000
-3.06,-9.39,17.679,chr a,75600000
-4.458,-10.403,17.907,chr a,75700000
-4.487,-10.38,17.74,chr a,75800000
-4.685,-11.438,18.589,chr a,75900000
-4.272,-12.343,19.424,chr a,76000000
-3.445,-12.389,19.006,chr a,76100000
-4.351,-11.873,19.416,chr a,76200000
-4.718,-11.346,19.904,chr a,76300000
-3.653,-11.082,19.723,chr a,76400000
-3.241,-11.272,19.467,chr a,76500000
-3.538,-10.182,18.936,chr a,76600000
-5.274,-11.023,18.701,chr a,76700000
-6.193,-11.106,19.592,chr a,76800000
-5.692,-10.107,19.732,chr a,76900000
-5.302,-10.244,19.261,chr a,77000000
-4.784,-9.235,19.042,chr a,77100000
-5.081,-10.14,20.923,chr a,77200000
-3.957,-10.747,21.637,chr a,77300000
-3.487,-10.76,20.984,chr a,77400000
-4.081,-10.022,20.741,chr a,77500000
-4.326,-10.03,20.026,chr a,77600000
-3.982,-10.338,18.835,chr a,77700000
-3.049,-10.111,18.994,chr a,77800000
-3.601,-9.462,19.956,chr a,77900000
-4.177,-8.485,19.827,chr a,78000000
-4.373,-9.043,20.896,chr a,78100000
-4.59,-8.984,21.437,chr a,78200000
-5.643,-9.203,21.703,chr a,78300000
-6.388,-8.478,21.607,chr a,78400000
-6.238,-7.928,20.684,chr a,78500000
-7.007,-8.041,21.214,chr a,78600000
-7.18,-7.804,20.65,chr a,78700000
-6.864,-7.409,19.509,chr a,78800000
-5.959,-8.085,20.1,chr a,78900000
-5.503,-7.595,20.251,chr a,79000000
-5.536,-6.756,19.969,chr a,79100000
-6.816,-6.809,20.237,chr a,79200000
-8.099,-6.7,20.481,chr a,79300000
-8.047,-6.727,20.766,chr a,79400000
-5.761,-7.007,21.557,chr a,79500000
-5.403,-7.498,20.696,chr a,79600000
-6.133,-6.818,21.574,chr a,79700000
-6.409,-6.483,21.506,chr a,79800000
-6.806,-6.526,20.356,chr a,79900000
-5.71,-6.317,19.833,chr a,80000000
-5.719,-5.638,20.608,chr a,80100000
-4.707,-5.831,20.677,chr a,80200000
-4.005,-6.591,20.324,chr a,80300000
-4.086,-6.904,20.658,chr a,80400000
-3.328,-6.865,20.464,chr a,80500000
-3.1,-7.744,21.118,chr a,80600000
-3.307,-7.915,22.129,chr a,80700000
-3.369,-7.932,22.081,chr a,80800000
-2.295,-8.049,20.303,chr a,80900000
-2.542,-7.953,20.762,chr a,81000000
-2.785,-8.009,20.221,chr a,81100000
-3.04,-9.163,22.229,chr a,81200000
-3.204,-10.179,22.731,chr a,81300000
-2.015,-10.399,22.272,chr a,81400000
-2.214,-10.667,21.882,chr a,81500000
-2.634,-9.594,21.401,chr a,81600000
-0.867,-11.681,20.706,chr a,81700000
-1.401,-12.283,21.383,chr a,81800000
-1.942,-11.853,22.338,chr a,81900000
-1.632,-11.647,22.551,chr a,82000000
-0.729,-10.798,22.395,chr a,82100000
-0.82,-9.978,21.913,chr a,82200000
-1.714,-9.227,20.941,chr a,82300000
-2.672,-9.812,20.579,chr a,82400000
-1.382,-9.58,20.258,chr a,82500000
-0.279,-11.163,19.329,chr a,82600000
1.009,-10.163,18.589,chr a,82700000
0.49,-10.163,17.719,chr a,82800000
0.493,-11.287,17.252,chr a,82900000
1.328,-11.054,17.808,chr a,83000000
0.859,-11.211,16.991,chr a,83100000
0.168,-10.403,17.064,chr a,83200000
-0.302,-11.342,17.768,chr a,83300000
-0.477,-12.536,17.497,chr a,83400000
-0.221,-12.561,17.797,chr a,83500000
-0.357,-11.158,18.16,chr a,83600000
-0.982,-9.746,17.313,chr a,83700000
-0.731,-10.529,16.16,chr a,83800000
-1.078,-10.323,15.735,chr a,83900000
-0.642,-11.283,15.884,chr a,84000000
-0.324,-11.863,16.098,chr a,84100000
0.628,-11.8,15.093,chr a,84200000
-0.518,-11.504,14.911,chr a,84300000
0.463,-11.26,14.667,chr a,84400000
0.426,-12.093,13.71,chr a,84500000
0.844,-12.1,12.534,chr a,84600000
1.697,-11.205,11.854,chr a,84700000
1.497,-11.33,12.159,chr a,84800000
0.758,-12.158,11.373,chr a,84900000
0.217,-11.3,10.857,chr a,85000000
-0.139,-10.71,10.465,chr a,85100000
-0.483,-10.631,10.03,chr a,85200000
-1.404,-10.498,10.278,chr a,85300000
-2.432,-10.141,10.189,chr a,85400000
-3.434,-7.123,8.15,chr a,85500000
-3.925,-6.392,7.592,chr a,85600000
-4.002,-5.779,7.037,chr a,85700000
-3.771,-5.091,6.237,chr a,85800000
-3.913,-5.697,5.183,chr a,85900000
-4.934,-5.446,4.701,chr a,86000000
-5.733,-5.084,4.221,chr a,86100000
-6.024,-5.077,5.085,chr a,86200000
-5.273,-4.9,5.766,chr a,86300000
-5.02,-4.258,6.637,chr a,86400000
-4.212,-3.719,6.865,chr a,86500000
-3.487,-3.888,6.222,chr a,86600000
-4.047,-3.796,4.95,chr a,86700000
-4.835,-3.918,4.165,chr a,86800000
-4.141,-3.849,4.912,chr a,86900000
-3.448,-4.453,5.766,chr a,87000000
-2.733,-3.947,6.871,chr a,87100000
-1.775,-3.675,7.43,chr a,87200000
-2.588,-2.601,7.671,chr a,87300000
-3.509,-2.488,7.388,chr a,87400000
-3.401,-4.815,8.709,chr a,87500000
-3.212,-7.259,9.822,chr a,87600000
-3.016,-7.794,9.681,chr a,87700000
-2.555,-6.319,9.685,chr a,87800000
-1.982,-5.887,10.192,chr a,87900000
-2.204,-5.002,9.611,chr a,88000000
-3.19,-5.039,8.848,chr a,88100000
-3.451,-4.051,8.587,chr a,88200000
-3.872,-3.483,9.047,chr a,88300000
-4.982,-3.391,8.272,chr a,88400000
-5.166,-2.773,8.462,chr a,88500000
-5.098,-3.25,8.443,chr a,88600000
-5.265,-2.159,8.289,chr a,88700000
-6.191,-2.516,7.942,chr a,88800000
-7.338,-3.193,7.653,chr a,88900000
-7.585,-3.33,7.011,chr a,89000000
-7.31,-3.162,6.554,chr a,89100000
-6.862,-2.977,7.676,chr a,89200000
-6.485,-2.895,8.827,chr a,89300000
-5.626,-3.019,9.712,chr a,89400000
-5.649,-4.057,9.91,chr a,89500000
-6.576,-4.531,9.37,chr a,89600000
-6.278,-4.542,10.103,chr a,89700000
-6.281,-4.738,8.967,chr a,89800000
-5.829,-4.555,7.946,chr a,89900000
-4.967,-4.587,8.678,chr a,90000000
-4.735,-5.289,8.914,chr a,90100000
-4.496,-6.344,9.329,chr a,90200000
-4.786,-4.329,9.726,chr a,90300000
-3.733,-3.925,10.168,chr a,90400000
-4.185,-3.057,9.641,chr a,90500000
-4.296,-2.84,10.832,chr a,90600000
-4.701,-3.811,11.161,chr a,90700000
-4.006,-4.988,11.947,chr a,90800000
-4.444,-5.328,11.331,chr a,90900000
-5.102,-5.19,10.29,chr a,91000000
-3.999,-4.686,10.272,chr a,91100000
-3.204,-6.55,10.783,chr a,91200000
-3.213,-7.16,11.564,chr a,91300000
-3.964,-6.761,12.196,chr a,91400000
-4.731,-7.026,11.022,chr a,91500000
-4.491,-6.786,11.042,chr a,91600000
-5.03,-6.392,11.426,chr a,91700000
-3.497,-6.533,12.204,chr a,91800000
-2.505,-6.561,12.592,chr a,91900000
-1.426,-6.264,12.284,chr a,92000000
-2.184,-5.406,11.974,chr a,92100000
-2.995,-5.262,11.602,chr a,92200000
-2.894,-4.449,11.059,chr a,92300000
-3.335,-5.409,10.464,chr a,92400000
-3.535,-6.233,9.865,chr a,92500000
-3.881,-5.807,10.291,chr a,92600000
-4.636,-5.408,11.119,chr a,92700000
-4.249,-4.921,12.091,chr a,92800000
-3.656,-5.115,13.054,chr a,92900000
-3.011,-6.064,13.168,chr a,93000000
-3.782,-6.233,13.889,chr a,93100000
-3.796,-5.433,14.145,chr a,93200000
-3.871,-6.464,13.981,chr a,93300000
-3.084,-7.532,13.703,chr a,93400000
-2.856,-8.377,14.75,chr a,93500000
-3.004,-8.47,16.011,chr a,93600000
-4.153,-8.169,15.932,chr a,93700000
-3.641,-8.913,16.109,chr a,93800000
-2.726,-9.248,16.342,chr a,93900000
-2.105,-9.599,17.297,chr a,94000000
-1.107,-11.095,17.11,chr a,94100000
-1.112,-11.501,16.529,chr a,94200000
-1.723,-11.035,16.671,chr a,94300000
-2.263,-10.636,16.313,chr a,94400000
-2.249,-11.617,16.783,chr a,94500000
-2.598,-12.454,16.263,chr a,94600000
-1.982,-13.02,16.915,chr a,94700000
-0.953,-12.797,17.189,chr a,94800000
-1.857,-12.53,17.605,chr a,94900000
-2.047,-12.036,16.608,chr a,95000000
-1.78,-12.401,18.017,chr a,95100000
-1.428,-13.742,18.178,chr a,95200000
-1.144,-13.961,17.562,chr a,95300000
-0.174,-14.589,17.977,chr a,95400000
0.251,-14.462,18.843,chr a,95500000
-0.675,-13.745,19.124,chr a,95600000
-0.243,-13.839,19.686,chr a,95700000
-0.269,-12.881,18.982,chr a,95800000
-0.876,-12.497,19.435,chr a,95900000
-1.937,-12.698,19.936,chr a,96000000
-2.539,-13.449,19.157,chr a,96100000
-2.454,-13.136,19.721,chr a,96200000
-3.23,-12.485,20.603,chr a,96300000
-4.066,-12.579,21.314,chr a,96400000
-3.384,-11.85,20.834,chr a,96500000
-2.661,-12.526,20.637,chr a,96600000
-2.138,-11.932,21.123,chr a,96700000
-1.76,-11.031,20.69,chr a,96800000
-1.774,-11.076,20.168,chr a,96900000
-1.818,-10.964,19.965,chr a,97000000
-2.284,-11.427,19.461,chr a,97100000
-2.207,-12.201,18.58,chr a,97200000
-2.208,-11.2,18.918,chr a,97300000
-1.604,-11.957,18.833,chr a,97400000
-1.012,-11.177,19.595,chr a,97500000
-0.969,-10.05,19.549,chr a,97600000
-0.825,-9.675,19.841,chr a,97700000
-1.896,-10.022,19.18,chr a,97800000
-1.337,-10.331,18.227,chr a,97900000
-1.467,-10.676,17.997,chr a,98000000
-0.324,-10.839,18.868,chr a,98100000
0.399,-10.979,19.123,chr a,98200000
0.869,-10.681,20.134,chr a,98300000
0.229,-10.813,21.02,chr a,98400000
-0.267,-11.361,21.413,chr a,98500000
-1.356,-10.792,23.461,chr a,98600000
-0.415,-11.058,24.041,chr a,98700000
0.837,-11.679,23.655,chr a,98800000
1.018,-12.653,22.362,chr a,98900000
0.574,-12.043,23.247,chr a,99000000
-0.219,-12.62,22.731,chr a,99100000
-0.055,-11.849,21.957,chr a,99200000
-0.588,-10.534,20.848,chr a,99300000
-1.291,-10.316,21.868,chr a,99400000
-1.207,-8.844,21.681,chr a,99500000
-1.866,-8.381,22.543,chr a,99600000
-1.52,-8.533,23.467,chr a,99700000
-0.821,-9.57,23.654,chr a,99800000
-0.818,-9.291,23.462,chr a,99900000
0.416,-8.869,23.334,chr a,100000000
-0.438,-8.553,23.23,chr a,100100000
-1.549,-8.97,22.68,chr a,100200000
-1.958,-9.552,23.597,chr a,100300000
-0.629,-7.569,23.969,chr a,100400000
0.11,-6.798,24.34,chr a,100500000
0.768,-6.848,23.87,chr a,100600000
0.136,-7.513,23.19,chr a,100700000
0.667,-8.053,23.063,chr a,100800000
1.062,-7.555,21.829,chr a,100900000
0.657,-6.93,21.877,chr a,101000000
0.664,-6.054,22.715,chr a,101100000
1.237,-6.501,23.504,chr a,101200000
1.765,-7.492,22.805,chr a,101300000
0.833,-7.283,22.528,chr a,101400000
1.116,-6.166,23.193,chr a,101500000
1.535,-6.772,24.274,chr a,101600000
2.232,-6.618,23.431,chr a,101700000
2.477,-6.349,23.191,chr a,101800000
2.117,-5.337,23.401,chr a,101900000
2.131,-5.002,24.558,chr a,102000000
2.671,-3.971,24.769,chr a,102100000
2.321,-2.801,24.503,chr a,102200000
2.443,-1.935,24.93,chr a,102300000
2.63,-2.747,26.178,chr a,102400000
3.661,-2.536,26.635,chr a,102500000
4.87,-2.984,26.792,chr a,102600000
4.574,-2.552,25.887,chr a,102700000
3.923,-1.721,25.576,chr a,102800000
3.039,-1.751,25.903,chr a,102900000
2.667,-2.161,26.428,chr a,103000000
3.795,-1.972,25.831,chr a,103100000
4.708,-1.354,25.32,chr a,103200000
4.865,-1.59,24.659,chr a,103300000
5.39,-0.899,25.396,chr a,103400000
4.777,-0.936,26.535,chr a,103500000
3.895,-1.11,26.648,chr a,103600000
3.233,-1.782,25.643,chr a,103700000
2.351,-1.934,24.742,chr a,103800000
0.805,-2.642,25.903,chr a,103900000
0.892,-2.328,25.615,chr a,104000000
0.466,-1.382,24.848,chr a,104100000
1.154,-1.301,23.936,chr a,104200000
1.172,-1.915,23.139,chr a,104300000
0.652,-2.259,23.269,chr a,104400000
-0.71,-2.191,23.538,chr a,104500000
-0.632,-1.935,24.769,chr a,104600000
0.184,-1.977,24.755,chr a,104700000
0.484,-2.608,24.24,chr a,104800000
0.791,-2.199,22.904,chr a,104900000
0.96,-2.597,21.571,chr a,105000000
0.562,-3.775,22.188,chr a,105100000
-0.025,-3.866,21.922,chr a,105200000
-0.247,-4.834,22.325,chr a,105300000
1.041,-5.029,22.27,chr a,105400000
1.294,-4.412,21.62,chr a,105500000
0.428,-3.739,21.468,chr a,105600000
-0.054,-4.875,21.265,chr a,105700000
-0.42,-5.831,21.509,chr a,105800000
-0.668,-6.17,22.711,chr a,105900000
-1.235,-6.784,21.697,chr a,106000000
-1.504,-7.435,21.776,chr a,106100000
-2.274,-6.276,21.728,chr a,106200000
-1.957,-7.222,22.519,chr a,106300000
-1.718,-6.748,22.126,chr a,106400000
-0.63,-6.742,22.496,chr a,106500000
0.239,-6.476,21.539,chr a,106600000
1.055,-5.79,21.987,chr a,106700000
1.657,-5.835,22.985,chr a,106800000
1.632,-4.778,23.491,chr a,106900000
2.596,-4.769,24.015,chr a,107000000
2.32,-4.606,25.104,chr a,107100000
2.008,-5.33,25.34,chr a,107200000
1.651,-6.214,24.786,chr a,107300000
2.318,-7.006,25.096,chr a,107400000
3.364,-6.814,24.695,chr a,107500000
3.186,-6.277,25.553,chr a,107600000
3.598,-5.791,24.939,chr a,107700000
4.266,-4.835,25.254,chr a,107800000
4.314,-5.002,25.619,chr a,107900000
2.855,-5.385,26.636,chr a,108000000
2.544,-5.735,26.559,chr a,108100000
3.587,-5.502,26.739,chr a,108200000
3.832,-6.757,26.448,chr a,108300000
4.312,-6.445,25.989,chr a,108400000
5.021,-6.674,25.772,chr a,108500000
4.098,-5.049,25.716,chr a,108600000
3.856,-5.074,24.498,chr a,108700000
4.747,-4.595,24.145,chr a,108800000
4.227,-4.604,24.192,chr a,108900000
3.721,-3.707,25.089,chr a,109000000
3.511,-2.687,24.364,chr a,109100000
3.685,-3.226,24.332,chr a,109200000
3.678,-4.11,23.251,chr a,109300000
3.459,-3.909,22.599,chr a,109400000
2.524,-2.398,23.31,chr a,109500000
1.868,-2.244,24.797,chr a,109600000
1.93,-3.272,25.882,chr a,109700000
3.068,-3.551,25.967,chr a,109800000
3.735,-3.653,25.607,chr a,109900000
3.675,-4.086,26.695,chr a,110000000
2.199,-1.824,26.965,chr a,110100000
1.439,-1.2,26.83,chr a,110200000
2.474,-0.53,26.793,chr a,110300000
2.073,-0.487,25.924,chr a,110400000
1.92,-0.26,25.69,chr a,110500000
1.591,-0.148,24.704,chr a,110600000
1.372,-1.077,24.208,chr a,110700000
0.242,-0.433,23.736,chr a,110800000
-0.744,0.889,25.25,chr a,110900000
-0.05,0.707,26.162,chr a,111000000
0.636,-0.28,26.482,chr a,111100000
0.412,-1.182,25.548,chr a,111200000
-0.163,-0.797,24.588,chr a,111300000
0.375,-0.371,25.421,chr a,111400000
-0.679,-0.994,25.876,chr a,111500000
-1.055,-2.0,25.873,chr a,111600000
-2.223,-5.114,23.048,chr a,111700000
-1.447,-4.561,23.628,chr a,111800000
-2.121,-4.777,23.875,chr a,111900000
-3.531,-6.109,22.14,chr a,112000000
-4.074,-6.395,22.268,chr a,112100000
-3.58,-6.152,22.021,chr a,112200000
-3.068,-6.633,22.238,chr a,112300000
-3.124,-6.06,23.29,chr a,112400000
-3.434,-6.482,23.566,chr a,112500000
-4.787,-7.129,23.137,chr a,112600000
-4.581,-7.677,22.74,chr a,112700000
-4.394,-7.212,23.759,chr a,112800000
-3.582,-7.69,24.425,chr a,112900000
-2.856,-7.99,23.42,chr a,113000000
-2.085,-7.716,23.101,chr a,113100000
-1.992,-7.423,23.658,chr a,113200000
-3.257,-7.194,23.828,chr a,113300000
-4.154,-6.066,24.04,chr a,113400000
-4.536,-5.501,24.392,chr a,113500000
-4.777,-4.526,24.276,chr a,113600000
-4.828,-4.099,23.965,chr a,113700000
-3.773,-4.328,24.739,chr a,113800000
-3.032,-4.311,24.036,chr a,113900000
-3.284,-4.912,23.203,chr a,114000000
-3.913,-5.585,23.6,chr a,114100000
-3.005,-5.896,24.62,chr a,114200000
-1.656,-6.358,25.156,chr a,114300000
-2.19,-6.457,23.891,chr a,114400000
-1.567,-5.412,23.56,chr a,114500000
-2.175,-4.861,22.415,chr a,114600000
-1.858,-5.302,22.397,chr a,114700000
-1.391,-5.662,22.385,chr a,114800000
-0.873,-5.929,23.433,chr a,114900000
-1.702,-6.389,24.303,chr a,115000000
-2.182,-6.905,25.11,chr a,115100000
-2.615,-5.88,25.106,chr a,115200000
-2.399,-4.992,25.642,chr a,115300000
-3.136,-5.728,25.334,chr a,115400000
-1.388,-6.01,23.658,chr a,115500000
-0.487,-5.629,24.068,chr a,115600000
-0.842,-5.429,25.174,chr a,115700000
-0.939,-4.137,24.592,chr a,115800000
-1.364,-3.398,23.992,chr a,115900000
-1.137,-3.594,25.133,chr a,116000000
-2.015,-4.095,25.385,chr a,116100000
-1.254,-4.588,24.971,chr a,116200000
-0.813,-4.541,22.625,chr a,116300000
0.102,-5.197,23.269,chr a,116400000
0.271,-5.233,24.067,chr a,116500000
0.301,-4.767,24.935,chr a,116600000
0.694,-4.958,24.053,chr a,116700000
0.423,-4.324,24.927,chr a,116800000
1.395,-3.934,25.26,chr a,116900000
1.448,-3.611,24.623,chr a,117000000
1.971,-3.388,23.545,chr a,117100000
1.611,-3.207,22.606,chr a,117200000
1.573,-3.949,23.119,chr a,117300000
0.627,-3.991,22.589,chr a,117400000
0.272,-4.068,23.126,chr a,117500000
-0.668,-3.691,23.522,chr a,117600000
-0.029,-3.749,23.878,chr a,117700000
1.143,-3.583,24.223,chr a,117800000
1.171,-3.438,24.198,chr a,117900000
2.099,-2.943,23.152,chr a,118000000
2.902,-3.659,23.505,chr a,118100000
2.793,-3.527,22.353,chr a,118200000
3.062,-3.547,21.297,chr a,118300000
3.903,-2.48,21.314,chr a,118400000
3.297,-2.304,21.796,chr a,118500000
3.325,-1.187,21.559,chr a,118600000
2.4,-1.916,21.566,chr a,118700000
2.853,-1.84,20.675,chr a,118800000
1.74,-0.325,19.748,chr a,118900000
1.33,0.069,18.831,chr a,119000000
1.718,0.802,19.197,chr a,119100000
2.918,0.78,19.462,chr a,119200000
3.493,0.763,19.588,chr a,119300000
2.313,0.999,20.246,chr a,119400000
2.292,1.132,20.739,chr a,119500000
2.935,0.163,21.24,chr a,119600000
2.689,0.795,21.977,chr a,119700000
1.675,0.96,21.97,chr a,119800000
1.394,1.203,21.672,chr a,119900000
1.378,2.167,21.658,chr a,120000000
1.972,2.355,21.065,chr a,120100000
1.633,2.526,22.172,chr a,120200000
1.556,3.178,23.078,chr a,120300000
2.191,3.986,24.019,chr a,120400000
2.508,3.589,23.744,chr a,120500000
2.778,3.93,22.818,chr a,120600000
2.367,3.586,21.982,chr a,120700000
2.858,3.283,21.802,chr a,120800000
3.266,3.546,22.145,chr a,120900000
3.134,3.559,22.717,chr a,121000000
2.35,2.632,22.928,chr a,121100000
2.417,2.642,23.099,chr a,121200000
1.543,1.832,23.279,chr a,121300000
2.469,0.03,23.286,chr a,121400000
2.328,0.733,23.335,chr a,121500000
2.403,1.878,23.295,chr a,121600000
2.958,1.937,23.577,chr a,121700000
2.509,0.975,24.544,chr a,121800000
2.123,1.079,25.783,chr a,121900000
2.121,2.362,25.486,chr a,122000000
1.427,2.184,24.706,chr a,122100000
3.356,1.041,24.977,chr a,122200000
3.75,-0.104,25.402,chr a,122300000
5.666,-3.729,25.16,chr a,122400000
5.907,-4.219,25.543,chr a,122500000
6.568,-3.617,26.179,chr a,122600000
5.912,-4.288,26.013,chr a,122700000
5.393,-3.338,25.57,chr a,122800000
5.092,-2.521,25.493,chr a,122900000
5.235,-1.985,24.275,chr a,123000000
5.872,-2.941,23.78,chr a,123100000
6.281,-2.563,24.916,chr a,123200000
5.942,-2.941,24.088,chr a,123300000
6.041,-3.216,24.029,chr a,123400000
6.607,-3.176,25.115,chr a,123500000
6.608,-2.028,25.593,chr a,123600000
5.316,-0.407,25.305,chr a,123700000
4.389,0.202,25.762,chr a,123800000
3.879,0.074,25.875,chr a,123900000
2.659,0.794,25.761,chr a,124000000
2.051,1.772,25.021,chr a,124100000
1.394,2.422,24.469,chr a,124200000
1.281,2.334,24.61,chr a,124300000
1.565,1.304,23.518,chr a,124400000
1.917,0.577,24.289,chr a,124500000
0.773,0.538,24.495,chr a,124600000
1.042,0.726,24.744,chr a,124700000
-0.768,-0.58,24.057,chr a,124800000
-1.426,-1.1,24.2,chr a,124900000
-1.807,-2.282,24.124,chr a,125000000
-2.799,-1.945,24.257,chr a,125100000
-3.786,-2.619,24.418,chr a,125200000
-3.735,-1.954,23.161,chr a,125300000
-3.107,-1.876,22.015,chr a,125400000
-2.994,-1.51,21.874,chr a,125500000
-3.311,-2.265,21.556,chr a,125600000
-4.292,-2.979,20.944,chr a,125700000
-3.78,-2.79,20.44,chr a,125800000
-4.805,-2.321,21.33,chr a,125900000
-5.527,-2.427,20.692,chr a,126000000
-5.346,-2.25,19.99,chr a,126100000
-4.53,-2.684,19.45,chr a,126200000
-3.929,-2.352,20.663,chr a,126300000
-3.219,-1.828,21.601,chr a,126400000
-4.291,-1.518,21.441,chr a,126500000
-4.77,-1.025,21.317,chr a,126600000
-5.243,-1.498,20.404,chr a,126700000
-4.372,-1.443,20.577,chr a,126800000
-4.105,-0.985,20.434,chr a,126900000
-3.603,-0.979,20.623,chr a,127000000
-3.542,-0.276,20.928,chr a,127100000
-3.657,0.093,21.1,chr a,127200000
-3.076,0.412,20.366,chr a,127300000
-3.168,-0.065,19.452,chr a,127400000
-2.151,-0.637,20.103,chr a,127500000
-2.398,-1.299,20.591,chr a,127600000
-2.574,-0.684,19.735,chr a,127700000
-1.487,-0.496,20.028,chr a,127800000
-1.959,-1.467,20.423,chr a,127900000
-1.909,-0.776,20.205,chr a,128000000
-1.476,-2.09,20.802,chr a,128100000
-0.913,-2.247,21.125,chr a,128200000
-0.156,-2.144,21.869,chr a,128300000
0.156,-1.491,22.892,chr a,128400000
-0.52,-2.261,23.028,chr a,128500000
-0.568,-0.831,22.636,chr a,128600000
-0.838,-0.665,22.241,chr a,128700000
-0.851,-1.217,21.737,chr a,128800000
-0.838,-0.626,21.484,chr a,128900000
-0.835,0.015,21.647,chr a,129000000
-1.614,-1.44,22.687,chr a,129100000
-1.571,-1.635,22.341,chr a,129200000
-1.767,-1.673,22.764,chr a,129300000
-2.836,-1.728,23.289,chr a,129400000
-3.974,-1.883,23.395,chr a,129500000
-2.831,-2.226,23.483,chr a,129600000
-2.547,-2.681,23.944,chr a,129700000
-1.954,-2.959,24.257,chr a,129800000
-0.405,-3.536,24.848,chr a,129900000
-1.026,-3.336,22.731,chr a,130000000
-1.559,-3.288,22.995,chr a,130100000
-1.822,-3.372,22.039,chr a,130200000
-2.293,-3.168,22.838,chr a,130300000
-2.906,-3.214,22.659,chr a,130400000
-3.606,-3.288,22.681,chr a,130500000
-3.583,-4.331,22.675,chr a,130600000
-4.05,-4.422,22.636,chr a,130700000
-4.73,-3.647,23.258,chr a,130800000
-4.201,-3.545,22.765,chr a,130900000
-3.579,-3.458,22.352,chr a,131000000
-3.196,-3.895,21.442,chr a,131100000
-3.026,-4.245,20.785,chr a,131200000
-3.925,-4.965,20.766,chr a,131300000
-3.413,-5.126,20.27,chr a,131400000
-3.936,-5.184,20.818,chr a,131500000
-2.799,-5.527,20.62,chr a,131600000
-2.153,-6.006,20.619,chr a,131700000
-1.394,-5.626,20.275,chr a,131800000
-1.398,-5.091,20.843,chr a,131900000
-1.624,-4.496,20.893,chr a,132000000
-1.275,-3.878,20.255,chr a,132100000
-1.145,-3.686,20.554,chr a,132200000
-0.516,-3.985,19.714,chr a,132300000
0.502,-3.753,19.594,chr a,132400000
0.54,-4.367,18.662,chr a,132500000
-0.249,-4.646,17.761,chr a,132600000
0.256,-4.941,16.757,chr a,132700000
0.091,-4.671,15.768,chr a,132800000
-0.131,-4.208,16.678,chr a,132900000
-0.445,-3.364,17.522,chr a,133000000
-1.018,-2.651,17.415,chr a,133100000
-1.249,-1.642,17.544,chr a,133200000
-1.906,-1.747,17.485,chr a,133300000
-0.879,-1.151,17.328,chr a,133400000
0.018,-1.489,17.206,chr a,133500000
-0.039,-2.159,17.509,chr a,133600000
0.07,-2.633,16.645,chr a,133700000
0.542,-2.633,17.329,chr a,133800000
0.223,-2.532,16.097,chr a,133900000
-1.032,-2.533,15.907,chr a,134000000
-2.195,-3.014,16.021,chr a,134100000
-1.883,-3.652,16.194,chr a,134200000
-2.444,-3.977,15.81,chr a,134300000
-3.51,-4.01,16.092,chr a,134400000
-3.634,-3.963,16.595,chr a,134500000
-3.075,-5.016,16.681,chr a,134600000
-2.946,-5.494,15.869,chr a,134700000
-4.124,-5.322,15.682,chr a,134800000
-4.71,-5.396,15.796,chr a,134900000
-5.194,-5.714,16.645,chr a,135000000
-4.987,-6.507,16.998,chr a,135100000
-4.15,-6.156,17.053,chr a,135200000
-4.787,-6.547,16.386,chr a,135300000
-5.227,-6.884,15.673,chr a,135400000
-5.003,-7.258,16.759,chr a,135500000
-5.263,-7.759,16.311,chr a,135600000
-5.878,-7.848,16.403,chr a,135700000
-6.523,-7.028,16.766,chr a,135800000
-7.199,-6.676,15.733,chr a,135900000
-6.146,-5.813,15.635,chr a,136000000
-5.999,-5.852,15.882,chr a,136100000
-6.32,-5.381,14.822,chr a,136200000
-7.269,-4.838,15.048,chr a,136300000
-7.442,-4.625,14.874,chr a,136400000
-7.098,-4.418,16.382,chr a,136500000
-6.031,-4.572,17.395,chr a,136600000
-6.628,-4.502,16.836,chr a,136700000
-7.722,-4.151,16.902,chr a,136800000
-7.327,-3.484,17.181,chr a,136900000
-7.29,-3.197,17.475,chr a,137000000
-7.476,-2.885,17.58,chr a,137100000
-7.288,-2.632,18.779,chr a,137200000
-7.643,-1.972,18.578,chr a,137300000
-8.678,-2.27,18.021,chr a,137400000
-8.635,-1.785,17.963,chr a,137500000
-8.24,-2.026,18.554,chr a,137600000
-7.979,-3.272,19.04,chr a,137700000
-8.28,-3.413,19.606,chr a,137800000
-9.026,-2.316,19.565,chr a,137900000
-8.191,-1.304,20.074,chr a,138000000
-8.779,-0.883,19.19,chr a,138100000
-9.454,-0.465,18.937,chr a,138200000
-8.348,-0.12,18.841,chr a,138300000
-9.028,0.794,18.568,chr a,138400000
-8.252,1.151,17.994,chr a,138500000
-7.85,0.763,17.903,chr a,138600000
-7.703,-0.137,18.052,chr a,138700000
-7.339,-0.996,18.355,chr a,138800000
-6.53,-1.849,18.68,chr a,138900000
-6.12,-1.419,18.949,chr a,139000000
-5.769,-1.517,18.431,chr a,139100000
-4.704,-1.179,18.358,chr a,139200000
-4.259,-0.927,19.5,chr a,139300000
-4.565,-0.534,19.408,chr a,139400000
-4.277,0.853,19.911,chr a,139500000
-3.412,2.479,20.882,chr a,139600000
-3.159,3.502,21.385,chr a,139700000
-2.642,4.098,20.819,chr a,139800000
-2.55,3.715,21.436,chr a,139900000
-2.323,3.254,22.273,chr a,140000000
-1.37,3.142,22.896,chr a,140100000
-1.318,3.415,24.326,chr a,140200000
-0.443,2.839,24.655,chr a,140300000
0.008,1.809,25.102,chr a,140400000
-0.82,2.225,24.442,chr a,140500000
-1.657,2.19,25.006,chr a,140600000
-2.507,2.355,24.124,chr a,140700000
-2.535,2.93,23.674,chr a,140800000
-1.844,3.32,22.634,chr a,140900000
-2.184,4.231,22.711,chr a,141000000
-3.285,3.855,23.093,chr a,141100000
-3.595,3.599,22.498,chr a,141200000
-4.471,3.07,22.719,chr a,141300000
-4.323,2.227,23.437,chr a,141400000
-4.649,1.525,22.725,chr a,141500000
-4.612,1.695,21.521,chr a,141600000
-4.215,0.887,22.322,chr a,141700000
-3.305,0.486,22.942,chr a,141800000
-3.205,-0.253,22.837,chr a,141900000
-2.463,-0.343,21.762,chr a,142000000
-2.289,-0.534,21.755,chr a,142100000
-3.788,0.833,21.189,chr a,142200000
-2.788,0.745,21.132,chr a,142300000
-2.256,-0.129,21.516,chr a,142400000
-2.287,0.106,22.75,chr a,142500000
-2.097,0.21,23.049,chr a,142600000
-3.113,1.096,22.469,chr a,142700000
-2.763,1.956,22.492,chr a,142800000
-2.969,2.078,23.151,chr a,142900000
-2.476,1.413,24.23,chr a,143000000
-2.611,0.516,24.854,chr a,143100000
-2.054,0.621,23.956,chr a,143200000
-1.29,1.375,23.606,chr a,143300000
-0.539,1.101,23.016,chr a,143400000
-1.517,1.569,22.653,chr a,143500000
-1.719,1.603,21.712,chr a,143600000
-2.054,1.982,20.79,chr a,143700000
-3.89,2.106,19.753,chr a,143800000
-3.516,0.977,19.534,chr a,143900000
-3.93,1.775,20.251,chr a,144000000
-4.956,1.947,19.725,chr a,144100000
-4.972,2.936,19.135,chr a,144200000
-5.474,2.829,18.974,chr a,144300000
-6.108,2.381,19.887,chr a,144400000
-5.938,1.499,19.872,chr a,144500000
-5.365,1.305,19.635,chr a,144600000
-5.837,2.475,18.915,chr a,144700000
-6.772,1.365,19.169,chr a,144800000
-7.735,1.911,19.284,chr a,144900000
-7.653,2.463,20.205,chr a,145000000
-6.87,3.206,20.091,chr a,145100000
-6.282,3.449,20.74,chr a,145200000
-6.248,2.195,20.839,chr a,145300000
-6.745,-0.083,19.721,chr a,145400000
-7.739,-0.863,19.667,chr a,145500000
-7.936,0.302,19.775,chr a,145600000
-8.475,0.609,19.846,chr a,145700000
-8.166,0.753,20.964,chr a,145800000
-7.118,0.62,20.756,chr a,145900000
-6.223,-0.115,20.321,chr a,146000000
-6.644,-0.194,19.718,chr a,146100000
-6.446,0.228,18.615,chr a,146200000
-6.174,-0.123,18.136,chr a,146300000
-5.543,0.078,18.955,chr a,146400000
-5.377,0.098,20.303,chr a,146500000
-5.642,0.699,21.279,chr a,146600000
-6.207,0.605,21.497,chr a,146700000
-6.327,-0.499,21.85,chr a,146800000
-5.535,-1.236,21.678,chr a,146900000
-5.0,-0.834,22.042,chr a,147000000
-4.56,-0.409,21.763,chr a,147100000
-6.451,-1.645,20.92,chr a,147200000
-7.029,-1.732,21.108,chr a,147300000
-6.189,-2.125,22.172,chr a,147400000
-5.573,-2.136,22.535,chr a,147500000
-4.959,-2.725,21.943,chr a,147600000
-5.328,-4.206,21.461,chr a,147700000
-5.915,-5.132,20.741,chr a,147800000
-6.496,-5.231,21.851,chr a,147900000
-6.594,-4.653,21.555,chr a,148000000
-5.589,-3.973,22.159,chr a,148100000
-5.426,-4.317,21.442,chr a,148200000
-5.278,-5.315,22.475,chr a,148300000
-5.206,-5.286,22.591,chr a,148400000
-6.195,-4.632,23.06,chr a,148500000
-6.793,-3.838,22.68,chr a,148600000
-6.515,-3.327,21.39,chr a,148700000
-6.872,-2.863,21.808,chr a,148800000
-7.464,-3.999,22.161,chr a,148900000
-7.776,-3.181,21.402,chr a,149000000
-8.249,-2.771,21.078,chr a,149100000
-8.662,-2.958,20.117,chr a,149200000
-7.614,-2.44,20.379,chr a,149300000
-6.719,-2.478,19.898,chr a,149400000
-6.996,-3.552,20.217,chr a,149500000
-7.429,-4.022,20.626,chr a,149600000
-7.803,-4.04,21.737,chr a,149700000
-7.634,-4.95,21.191,chr a,149800000
-7.489,-5.464,20.304,chr a,149900000
-7.451,-5.226,19.293,chr a,150000000
-7.135,-4.244,18.618,chr a,150100000
-6.688,-4.883,18.619,chr a,150200000
-5.635,-5.251,18.649,chr a,150300000
-4.647,-4.929,19.011,chr a,150400000
-5.344,-4.039,20.23,chr a,150500000
-6.168,-3.38,20.893,chr a,150600000
-5.024,-3.067,21.109,chr a,150700000
-5.936,-3.966,19.704,chr a,150800000
-6.033,-3.187,18.764,chr a,150900000
-5.438,-3.234,19.192,chr a,151000000
-4.718,-3.321,19.755,chr a,151100000
-4.417,-4.041,19.385,chr a,151200000
-4.788,-4.016,18.354,chr a,151300000
-4.535,-3.312,17.585,chr a,151400000
-3.867,-2.552,17.313,chr a,151500000
-3.591,-3.111,17.837,chr a,151600000
-3.279,-3.897,18.655,chr a,151700000
-3.162,-2.537,20.197,chr a,151800000
-3.194,-3.641,19.912,chr a,151900000
-2.462,-2.646,19.93,chr a,152000000
-2.184,-2.999,19.016,chr a,152100000
-3.143,-3.214,19.788,chr a,152200000
-4.021,-2.209,19.142,chr a,152300000
-3.291,-1.656,18.907,chr a,152400000
-2.548,-1.66,19.142,chr a,152500000
-1.477,-2.226,19.251,chr a,152600000
-1.064,-1.867,19.152,chr a,152700000
-0.691,-1.399,18.779,chr a,152800000
-0.087,-0.904,18.842,chr a,152900000
-0.536,-0.021,19.063,chr a,153000000
-1.073,0.437,18.432,chr a,153100000
-1.988,-0.226,18.266,chr a,153200000
-1.353,-0.535,18.45,chr a,153300000
-1.347,0.613,17.945,chr a,153400000
-0.048,2.876,17.335,chr a,153500000
-0.102,3.673,16.737,chr a,153600000
-0.993,4.037,16.687,chr a,153700000
-1.274,4.784,15.555,chr a,153800000
-0.852,5.538,14.851,chr a,153900000
-1.94,5.387,14.499,chr a,154000000
-2.314,4.872,14.212,chr a,154100000
-2.279,5.418,15.18,chr a,154200000
-2.178,4.659,15.337,chr a,154300000
-1.09,4.368,15.153,chr a,154400000
-0.722,4.592,14.087,chr a,154500000
-0.778,4.51,15.158,chr a,154600000
-1.237,5.541,15.615,chr a,154700000
-1.007,6.046,16.135,chr a,154800000
-0.707,5.484,16.414,chr a,154900000
0.331,4.924,15.531,chr a,155000000
0.47,5.176,14.873,chr a,155100000
0.331,5.337,15.833,chr a,155200000
-0.173,5.973,16.519,chr a,155300000
0.149,5.943,16.841,chr a,155400000
0.679,6.256,17.044,chr a,155500000
0.396,5.059,17.436,chr a,155600000
0.177,4.525,17.484,chr a,155700000
-0.017,4.988,18.113,chr a,155800000
-0.284,5.942,18.046,chr a,155900000
-0.353,6.607,19.407,chr a,156000000
-0.194,6.389,19.74,chr a,156100000
-0.517,6.063,20.334,chr a,156200000
-0.842,5.468,20.387,chr a,156300000
-0.927,4.994,21.261,chr a,156400000
-0.65,4.332,22.512,chr a,156500000
-0.783,3.923,23.702,chr a,156600000
-0.528,3.754,22.569,chr a,156700000
-0.413,4.038,21.565,chr a,156800000
0.709,3.587,21.31,chr a,156900000
0.893,3.471,21.508,chr a,157000000
0.388,2.448,23.211,chr a,157100000
0.192,3.456,23.468,chr a,157200000
0.078,3.644,22.785,chr a,157300000
0.169,2.919,22.837,chr a,157400000
0.995,3.352,23.463,chr a,157500000
1.158,4.307,24.208,chr a,157600000
0.353,5.167,23.758,chr a,157700000
-1.138,6.265,22.494,chr a,157800000
0.12,6.825,21.738,chr a,157900000
0.808,6.395,22.785,chr a,158000000
1.404,5.32,23.079,chr a,158100000
1.252,4.815,22.545,chr a,158200000
2.144,4.857,21.518,chr a,158300000
1.747,5.65,22.161,chr a,158400000
1.679,5.384,22.352,chr a,158500000
0.272,4.668,24.349,chr a,158600000
-0.357,5.2,23.684,chr a,158700000
0.116,6.35,23.359,chr a,158800000
0.299,6.848,22.783,chr a,158900000
-0.019,7.262,24.03,chr a,159000000
-0.215,6.272,24.106,chr a,159100000
-1.518,5.138,23.51,chr a,159200000
-2.044,4.611,22.558,chr a,159300000
-2.55,5.24,23.199,chr a,159400000
-2.979,5.388,23.799,chr a,159500000
-3.177,5.883,22.884,chr a,159600000
-3.014,5.886,22.195,chr a,159700000
-3.4,5.934,21.605,chr a,159800000
-3.455,5.137,21.458,chr a,159900000
-3.277,5.075,21.504,chr a,160000000
-4.649,6.353,20.277,chr a,160100000
-5.212,6.018,19.191,chr a,160200000
-6.559,4.836,20.875,chr a,160300000
-7.463,4.378,20.651,chr a,160400000
-6.868,4.159,19.829,chr a,160500000
-4.477,3.025,18.392,chr a,160600000
-3.583,2.518,18.013,chr a,160700000
-4.115,2.334,17.29,chr a,160800000
-5.006,1.754,18.037,chr a,160900000
-4.861,1.21,17.801,chr a,161000000
-4.623,1.449,18.279,chr a,161100000
-4.232,1.283,19.006,chr a,161200000
-4.459,2.119,20.162,chr a,161300000
-4.909,3.015,20.775,chr a,161400000
-5.969,5.584,20.443,chr a,161500000
-6.37,5.921,20.228,chr a,161600000
-5.102,4.684,20.33,chr a,161700000
-4.079,4.583,20.0,chr a,161800000
-4.753,4.509,20.201,chr a,161900000
-5.225,5.743,20.342,chr a,162000000
-5.141,5.738,21.281,chr a,162100000
-4.973,5.664,21.812,chr a,162200000
-5.023,4.825,21.157,chr a,162300000
-4.499,4.647,21.583,chr a,162400000
-4.228,4.612,20.125,chr a,162500000
-3.379,4.445,19.281,chr a,162600000
-3.701,5.223,19.88,chr a,162700000
-3.395,5.303,20.603,chr a,162800000
-2.417,5.96,20.899,chr a,162900000
-1.406,6.998,20.559,chr a,163000000
-0.456,7.094,21.075,chr a,163100000
-0.761,7.458,22.039,chr a,163200000
-1.102,7.809,22.892,chr a,163300000
-1.865,7.026,23.498,chr a,163400000
-1.865,6.918,23.317,chr a,163500000
-1.348,6.09,23.442,chr a,163600000
-1.345,6.181,22.284,chr a,163700000
-1.511,6.732,21.354,chr a,163800000
-1.298,5.731,21.671,chr a,163900000
-0.132,5.651,22.193,chr a,164000000
-0.032,5.621,22.648,chr a,164100000
0.306,5.09,21.593,chr a,164200000
0.878,5.065,20.562,chr a,164300000
0.642,6.189,21.014,chr a,164400000
0.498,5.402,20.784,chr a,164500000
1.49,5.639,21.352,chr a,164600000
2.22,5.761,23.371,chr a,164700000
2.144,5.684,23.765,chr a,164800000
1.362,5.849,24.387,chr a,164900000
1.369,4.627,22.853,chr a,165000000
1.37,4.215,21.487,chr a,165100000
1.798,3.975,20.507,chr a,165200000
1.611,2.841,20.545,chr a,165300000
1.257,1.856,20.014,chr a,165400000
0.893,0.996,19.981,chr a,165500000
0.565,1.634,20.138,chr a,165600000
0.543,2.691,19.626,chr a,165700000
-0.06,3.203,20.226,chr a,165800000
-0.754,2.45,21.186,chr a,165900000
-0.718,1.562,20.68,chr a,166000000
0.116,1.696,21.366,chr a,166100000
-0.278,2.658,21.344,chr a,166200000
-0.82,3.931,21.356,chr a,166300000
-1.847,4.424,21.497,chr a,166400000
-3.706,2.623,21.626,chr a,166500000
-4.606,3.234,20.992,chr a,166600000
-4.829,3.415,19.791,chr a,166700000
-5.644,3.806,19.232,chr a,166800000
-4.578,3.736,18.617,chr a,166900000
-3.945,4.159,18.603,chr a,167000000
-3.406,4.911,17.941,chr a,167100000
-4.649,4.903,18.175,chr a,167200000
-5.012,4.433,18.061,chr a,167300000
-5.136,5.29,18.859,chr a,167400000
-6.152,4.364,19.217,chr a,167500000
-5.82,5.104,18.675,chr a,167600000
-6.314,5.42,19.012,chr a,167700000
-7.201,4.965,18.892,chr a,167800000
-6.455,4.887,17.186,chr a,167900000
-6.873,4.817,15.875,chr a,168000000
-7.053,4.444,16.522,chr a,168100000
-6.931,4.478,17.671,chr a,168200000
-7.585,4.106,18.116,chr a,168300000
-8.584,3.575,18.758,chr a,168400000
-9.874,3.9,18.346,chr a,168500000
-9.621,3.595,18.358,chr a,168600000
-8.29,3.279,17.979,chr a,168700000
-7.501,3.13,18.39,chr a,168800000
-7.769,4.294,18.116,chr a,168900000
-8.138,3.904,17.62,chr a,169000000
-9.121,3.921,17.129,chr a,169100000
-7.627,2.704,17.292,chr a,169200000
-6.439,3.326,17.404,chr a,169300000
-5.888,3.567,17.18,chr a,169400000
-6.222,3.011,17.247,chr a,169500000
-7.392,2.433,16.552,chr a,169600000
-7.397,3.548,16.645,chr a,169700000
-7.51,2.845,15.558,chr a,169800000
-6.506,2.082,15.049,chr a,169900000
-5.934,2.399,14.303,chr a,170000000
-6.749,1.355,14.286,chr a,170100000
-6.126,0.53,14.091,chr a,170200000
-6.026,0.83,13.81,chr a,170300000
-6.858,0.351,13.279,chr a,170400000
-6.726,-0.643,13.271,chr a,170500000
-6.112,-0.97,14.3,chr a,170600000
-5.243,-0.422,14.345,chr a,170700000
-5.114,-0.674,15.582,chr a,170800000
-4.43,-0.321,16.808,chr a,170900000
-4.453,-1.497,16.894,chr a,171000000
-3.259,-1.307,16.631,chr a,171100000
-3.486,-0.326,15.857,chr a,171200000
-4.631,0.474,15.858,chr a,171300000
-5.072,1.541,15.934,chr a,171400000
-5.698,4.09,15.733,chr a,171500000
-6.358,5.246,16.255,chr a,171600000
-5.924,5.98,16.976,chr a,171700000
-6.033,5.955,17.069,chr a,171800000
-6.158,6.765,16.485,chr a,171900000
-5.045,6.385,17.277,chr a,172000000
-4.361,6.277,16.696,chr a,172100000
-4.896,6.707,15.987,chr a,172200000
-4.589,6.6,16.294,chr a,172300000
-5.666,7.353,16.672,chr a,172400000
-5.824,7.069,18.258,chr a,172500000
-5.84,6.77,19.39,chr a,172600000
-6.676,7.51,19.682,chr a,172700000
-6.87,8.741,20.056,chr a,172800000
-6.184,8.868,20.232,chr a,172900000
-7.537,8.032,20.612,chr a,173000000
-8.272,7.407,20.104,chr a,173100000
-8.138,8.478,19.559,chr a,173200000
-8.811,8.854,19.222,chr a,173300000
-8.183,8.474,18.814,chr a,173400000
-7.082,8.146,19.199,chr a,173500000
-6.659,7.258,19.409,chr a,173600000
-6.856,7.961,18.166,chr a,173700000
-6.917,9.011,18.496,chr a,173800000
-6.252,9.726,19.062,chr a,173900000
-6.605,9.595,20.366,chr a,174000000
-7.814,9.814,20.577,chr a,174100000
-8.657,10.26,19.909,chr a,174200000
-7.942,10.132,19.182,chr a,174300000
-6.971,10.575,18.891,chr a,174400000
-6.786,10.667,19.633,chr a,174500000
-7.11,11.781,19.36,chr a,174600000
-7.993,11.299,19.548,chr a,174700000
-8.026,11.879,19.076,chr a,174800000
-7.518,11.992,18.139,chr a,174900000
-6.474,12.788,18.466,chr a,175000000
-5.958,12.76,17.488,chr a,175100000
-6.561,12.814,16.903,chr a,175200000
-7.412,12.195,17.251,chr a,175300000
-7.112,12.788,18.415,chr a,175400000
-5.81,12.635,18.311,chr a,175500000
-5.801,11.525,18.175,chr a,175600000
-5.6,11.061,18.186,chr a,175700000
-5.589,10.195,18.356,chr a,175800000
-4.498,10.015,18.477,chr a,175900000
-3.984,9.826,19.767,chr a,176000000
-5.037,10.394,20.3,chr a,176100000
-5.142,10.296,21.02,chr a,176200000
-4.658,9.999,20.506,chr a,176300000
-3.855,9.608,20.375,chr a,176400000
-4.134,9.343,19.267,chr a,176500000
-3.914,10.191,18.793,chr a,176600000
-3.77,10.364,17.656,chr a,176700000
-3.235,10.293,17.955,chr a,176800000
-3.521,10.336,20.925,chr a,176900000
-2.256,8.451,20.279,chr a,177000000
-2.601,7.467,21.108,chr a,177100000
-2.916,7.591,20.089,chr a,177200000
-3.654,8.684,19.828,chr a,177300000
-4.355,8.583,20.586,chr a,177400000
-3.636,8.469,21.135,chr a,177500000
-3.028,8.345,20.283,chr a,177600000
-1.861,8.508,19.936,chr a,177700000
-0.932,7.913,20.424,chr a,177800000
-0.214,7.987,21.185,chr a,177900000
0.732,8.174,21.333,chr a,178000000
1.173,7.958,20.902,chr a,178100000
0.865,7.998,20.169,chr a,178200000
1.263,7.857,19.905,chr a,178300000
1.729,8.175,20.862,chr a,178400000
1.214,7.937,21.946,chr a,178500000
1.07,8.001,23.086,chr a,178600000
1.497,7.337,23.215,chr a,178700000
1.507,6.789,22.767,chr a,178800000
1.865,6.631,21.68,chr a,178900000
2.535,6.572,22.154,chr a,179000000
2.08,6.567,21.119,chr a,179100000
1.451,6.854,20.109,chr a,179200000
1.597,6.523,19.665,chr a,179300000
1.622,5.503,19.329,chr a,179400000
1.667,5.004,19.573,chr a,179500000
0.658,5.148,19.162,chr a,179600000
0.395,5.643,18.944,chr a,179700000
0.68,4.544,18.895,chr a,179800000
1.596,2.271,18.156,chr a,179900000
2.235,2.588,17.185,chr a,180000000
2.881,3.072,16.27,chr a,180100000
2.542,2.91,15.925,chr a,180200000
1.93,3.855,15.522,chr a,180300000
1.78,3.334,16.378,chr a,180400000
1.193,2.914,16.036,chr a,180500000
1.591,2.135,15.295,chr a,180600000
0.679,1.787,16.017,chr a,180700000
0.685,1.819,16.221,chr a,180800000
-0.582,1.41,15.621,chr a,180900000
-0.857,1.909,15.94,chr a,181000000
-2.087,1.826,15.652,chr a,181100000
-2.33,1.64,14.894,chr a,181200000
-2.003,2.128,15.019,chr a,181300000
-2.577,2.787,14.136,chr a,181400000
-1.932,3.5,13.814,chr a,181500000
-1.572,3.103,14.895,chr a,181600000
-2.49,3.305,14.382,chr a,181700000
-2.439,3.929,14.668,chr a,181800000
-2.573,3.373,15.982,chr a,181900000
-2.945,2.829,16.171,chr a,182000000
-2.57,3.426,16.803,chr a,182100000
-2.072,3.602,17.705,chr a,182200000
-2.566,4.894,18.318,chr a,182300000
-1.234,4.924,18.881,chr a,182400000
-0.856,4.197,18.439,chr a,182500000
-0.121,3.396,18.292,chr a,182600000
-0.716,3.411,18.497,chr a,182700000
-0.681,2.575,19.433,chr a,182800000
-0.633,1.973,19.547,chr a,182900000
0.042,1.509,18.539,chr a,183000000
0.181,1.713,18.347,chr a,183100000
0.117,1.702,18.425,chr a,183200000
-0.812,1.621,17.855,chr a,183300000
-1.675,2.171,18.223,chr a,183400000
-2.096,3.006,18.838,chr a,183500000
-3.283,2.665,19.258,chr a,183600000
-3.413,2.889,19.686,chr a,183700000
-2.546,2.297,20.247,chr a,183800000
-2.574,1.759,19.763,chr a,183900000
-2.609,1.573,18.448,chr a,184000000
-2.284,1.777,19.136,chr a,184100000
-3.22,3.417,21.248,chr a,184200000
-3.181,3.435,20.12,chr a,184300000
-2.645,3.723,19.442,chr a,184400000
-1.858,3.841,20.249,chr a,184500000
-1.352,3.236,20.732,chr a,184600000
-1.019,4.417,19.951,chr a,184700000
-1.527,5.56,18.782,chr a,184800000
-1.449,5.935,18.354,chr a,184900000
-1.755,6.698,19.353,chr a,185000000
-2.031,6.791,19.412,chr a,185100000
-0.795,7.302,19.104,chr a,185200000
0.43,7.586,18.546,chr a,185300000
-0.131,7.677,18.113,chr a,185400000
-0.884,6.951,17.955,chr a,185500000
-1.844,7.493,17.622,chr a,185600000
-1.872,7.202,16.92,chr a,185700000
-2.215,7.555,17.897,chr a,185800000
-2.769,7.657,18.439,chr a,185900000
-3.213,8.749,17.819,chr a,186000000
-3.916,8.581,17.876,chr a,186100000
-3.103,8.543,18.38,chr a,186200000
-2.682,8.534,17.682,chr a,186300000
-1.561,8.172,18.561,chr a,186400000
-0.865,7.88,18.449,chr a,186500000
-1.039,8.932,18.522,chr a,186600000
-1.554,9.569,18.644,chr a,186700000
-2.08,10.783,19.34,chr a,186800000
-2.161,11.275,18.429,chr a,186900000
-1.766,10.006,18.85,chr a,187000000
-2.163,9.859,19.888,chr a,187100000
-2.473,10.035,19.258,chr a,187200000
-3.121,10.978,19.213,chr a,187300000
-2.915,10.742,19.438,chr a,187400000
-2.427,11.313,19.784,chr a,187500000
-1.92,11.262,20.042,chr a,187600000
-2.506,10.61,20.824,chr a,187700000
-2.322,10.24,21.174,chr a,187800000
-1.609,9.476,20.329,chr a,187900000
-2.443,9.917,20.756,chr a,188000000
-1.832,9.663,21.522,chr a,188100000
-2.179,8.522,21.251,chr a,188200000
-1.897,8.664,21.763,chr a,188300000
-2.515,7.652,21.734,chr a,188400000
-2.048,6.872,21.266,chr a,188500000
-2.787,7.177,22.309,chr a,188600000
-3.267,8.776,22.134,chr a,188700000
-3.144,9.103,20.869,chr a,188800000
-3.965,8.439,19.435,chr a,188900000
-4.574,6.955,19.8,chr a,189000000
-3.849,7.088,20.62,chr a,189100000
-3.16,7.304,20.713,chr a,189200000
-3.946,7.247,19.746,chr a,189300000
-3.638,6.826,18.856,chr a,189400000
-3.549,7.505,19.122,chr a,189500000
-3.275,6.246,18.879,chr a,189600000
-2.864,6.091,19.983,chr a,189700000
-2.355,5.775,20.104,chr a,189800000
-4.283,7.534,21.083,chr a,189900000
-5.621,8.365,20.548,chr a,190000000
-5.004,8.457,20.653,chr a,190100000
-5.7,7.481,20.451,chr a,190200000
-5.9,7.461,20.909,chr a,190300000
-5.358,7.812,19.21,chr a,190400000
-5.279,8.888,19.288,chr a,190500000
-5.313,8.281,18.978,chr a,190600000
-5.032,7.708,19.048,chr a,190700000
-4.678,8.241,17.977,chr a,190800000
-5.096,8.668,17.862,chr a,190900000
-5.575,8.556,16.951,chr a,191000000
-4.57,9.15,16.242,chr a,191100000
-6.035,9.568,14.536,chr a,191200000
-5.509,9.14,14.067,chr a,191300000
-4.466,8.792,14.166,chr a,191400000
-4.751,9.11,14.464,chr a,191500000
-5.085,9.999,14.876,chr a,191600000
-5.531,9.639,16.941,chr a,191700000
-6.192,9.724,15.797,chr a,191800000
-6.381,10.471,14.811,chr a,191900000
-7.409,10.85,14.999,chr a,192000000
-7.259,10.412,15.427,chr a,192100000
-7.624,10.932,16.264,chr a,192200000
-6.751,11.027,17.181,chr a,192300000
-7.052,11.25,16.632,chr a,192400000
-6.924,12.356,15.937,chr a,192500000
-6.973,11.54,15.632,chr a,192600000
-6.446,11.615,15.321,chr a,192700000
-6.025,11.024,16.262,chr a,192800000
-5.601,11.27,16.408,chr a,192900000
-5.661,11.756,15.985,chr a,193000000
-5.288,12.296,15.785,chr a,193100000
-5.023,13.126,16.678,chr a,193200000
-4.415,12.486,17.653,chr a,193300000
-4.5,12.363,18.639,chr a,193400000
-4.062,11.995,18.92,chr a,193500000
-4.591,11.76,17.856,chr a,193600000
-4.377,11.057,19.387,chr a,193700000
-5.328,10.833,19.771,chr a,193800000
-4.246,11.514,20.484,chr a,193900000
-3.75,11.638,20.39,chr a,194000000
-4.382,11.428,21.321,chr a,194100000
-4.787,12.413,20.993,chr a,194200000
-5.404,12.178,19.97,chr a,194300000
-4.728,11.325,19.411,chr a,194400000
-5.271,11.186,19.256,chr a,194500000
-6.245,10.775,19.869,chr a,194600000
-6.995,10.606,20.662,chr a,194700000
-7.534,10.101,19.152,chr a,194800000
-7.915,10.033,18.167,chr a,194900000
-6.969,9.086,18.201,chr a,195000000
-7.026,9.3,17.699,chr a,195100000
-7.11,9.315,17.056,chr a,195200000
-7.418,8.995,15.868,chr a,195300000
-7.643,8.878,16.07,chr a,195400000
