"x","y","z","chr","coord"
9.938,-6.486,-1.413,"chr a",3000000
9.186,-7.26,-0.924,"chr a",3100000
8.522,-7.236,-0.53,"chr a",3200000
7.598,-6.794,-1.174,"chr a",3300000
6.961,-6.321,-0.707,"chr a",3400000
7.303,-5.744,0.358,"chr a",3500000
7.471,-5.079,-0.57,"chr a",3600000
7.653,-4.782,-1.28,"chr a",3700000
8.339,-5.284,-1.892,"chr a",3800000
9.051,-6.114,-2.713,"chr a",3900000
8.203,-6.855,-2.195,"chr a",4000000
7.377,-7.196,-1.61,"chr a",4100000
7.98,-7.995,-0.746,"chr a",4200000
8.197,-8.943,-0.472,"chr a",4300000
8.424,-9.302,0.485,"chr a",4400000
9.586,-10.127,2.636,"chr a",4500000
9.884,-10.486,2.403,"chr a",4600000
10.293,-11.251,1.837,"chr a",4700000
10.687,-11.387,0.676,"chr a",4800000
10.983,-11.22,1.775,"chr a",4900000
11.049,-10.995,0.64,"chr a",5000000
11.413,-12.199,-0.758,"chr a",5100000
11.864,-12.762,-1.528,"chr a",5200000
11.897,-12.997,-2.533,"chr a",5300000
12.463,-13.614,-2.119,"chr a",5400000
11.928,-14.52,-1.73,"chr a",5500000
11.007,-14.226,-1.695,"chr a",5600000
10.754,-13.09,-1.663,"chr a",5700000
10.027,-12.853,-0.784,"chr a",5800000
8.913,-11.744,2.433,"chr a",5900000
9.008,-11.113,3.583,"chr a",6000000
8.524,-10.368,3.586,"chr a",6100000
7.198,-8.274,4.907,"chr a",6200000
6.649,-8.352,5.09,"chr a",6300000
5.861,-7.973,4.208,"chr a",6400000
5.049,-8.376,3.763,"chr a",6500000
4.806,-9.374,4.092,"chr a",6600000
5.43,-10.399,4.262,"chr a",6700000
6.047,-10.423,3.232,"chr a",6800000
5.428,-8.799,4.824,"chr a",6900000
5.383,-7.661,6.185,"chr a",7000000
5.381,-7.831,6.237,"chr a",7100000
6.33,-7.108,6.249,"chr a",7200000
6.018,-6.482,5.35,"chr a",7300000
6.665,-5.567,5.281,"chr a",7400000
6.482,-5.371,4.647,"chr a",7500000
6.167,-6.063,3.935,"chr a",7600000
5.155,-6.957,4.321,"chr a",7700000
4.236,-7.362,3.928,"chr a",7800000
3.615,-7.799,4.568,"chr a",7900000
2.931,-8.098,4.912,"chr a",8000000
2.492,-6.78,4.677,"chr a",8100000
2.554,-6.529,4.468,"chr a",8200000
3.581,-5.813,3.805,"chr a",8300000
4.505,-5.624,4.606,"chr a",8400000
4.187,-6.448,5.315,"chr a",8500000
3.788,-6.77,6.265,"chr a",8600000
3.929,-6.859,5.765,"chr a",8700000
4.686,-5.929,6.239,"chr a",8800000
5.282,-5.725,6.354,"chr a",8900000
4.889,-4.903,5.771,"chr a",9000000
3.897,-4.964,5.322,"chr a",9100000
2.745,-5.359,5.252,"chr a",9200000
2.215,-5.424,6.256,"chr a",9300000
3.148,-6.021,6.876,"chr a",9400000
4.368,-7.576,7.451,"chr a",9500000
3.733,-7.132,7.518,"chr a",9600000
4.393,-8.192,7.936,"chr a",9700000
4.536,-8.243,8.736,"chr a",9800000
3.887,-8.181,9.693,"chr a",9900000
4.546,-9.273,9.373,"chr a",10000000
3.967,-9.614,8.301,"chr a",10100000
4.334,-9.653,7.075,"chr a",10200000
4.506,-10.018,5.885,"chr a",10300000
4.691,-10.431,5.6,"chr a",10400000
4.117,-10.479,5.71,"chr a",10500000
3.976,-11.033,5.778,"chr a",10600000
4.338,-11.986,6.62,"chr a",10700000
5.194,-12.287,7.623,"chr a",10800000
5.606,-12.363,7.235,"chr a",10900000
4.782,-13.367,7.053,"chr a",11000000
5.087,-13.888,7.135,"chr a",11100000
4.601,-13.593,8.017,"chr a",11200000
3.777,-12.652,7.769,"chr a",11300000
3.788,-13.018,7.829,"chr a",11400000
3.542,-13.328,6.63,"chr a",11500000
3.565,-13.278,5.487,"chr a",11600000
3.671,-12.096,4.644,"chr a",11700000
4.232,-11.848,4.091,"chr a",11800000
3.609,-11.89,4.444,"chr a",11900000
2.825,-11.672,5.093,"chr a",12000000
2.638,-10.486,5.447,"chr a",12100000
2.476,-11.516,4.836,"chr a",12200000
1.949,-11.872,3.921,"chr a",12300000
2.228,-12.927,4.59,"chr a",12400000
1.673,-13.397,5.37,"chr a",12500000
1.692,-13.233,5.385,"chr a",12600000
4.071,-13.51,5.066,"chr a",12700000
5.152,-12.842,4.796,"chr a",12800000
5.168,-12.531,5.816,"chr a",12900000
5.446,-12.136,6.901,"chr a",13000000
4.371,-11.538,7.02,"chr a",13100000
4.735,-12.794,6.048,"chr a",13200000
5.138,-13.903,5.184,"chr a",13300000
6.014,-14.243,4.4,"chr a",13400000
6.648,-13.9,3.645,"chr a",13500000
5.687,-14.02,3.375,"chr a",13600000
4.655,-13.781,2.701,"chr a",13700000
4.357,-14.747,2.389,"chr a",13800000
4.077,-14.832,3.921,"chr a",13900000
3.902,-13.746,3.611,"chr a",14000000
4.117,-14.17,2.607,"chr a",14100000
5.119,-14.978,3.325,"chr a",14200000
5.796,-15.666,3.887,"chr a",14300000
5.125,-15.666,4.823,"chr a",14400000
5.546,-16.282,4.071,"chr a",14500000
4.604,-16.588,4.077,"chr a",14600000
4.534,-16.031,3.015,"chr a",14700000
5.498,-15.586,2.241,"chr a",14800000
6.421,-15.307,0.093,"chr a",14900000
6.623,-14.848,-1.571,"chr a",15000000
5.715,-14.613,-2.463,"chr a",15100000
6.312,-14.744,-2.973,"chr a",15200000
7.011,-14.338,-3.598,"chr a",15300000
7.43,-14.134,-2.688,"chr a",15400000
7.522,-15.088,-3.058,"chr a",15500000
7.725,-15.463,-3.635,"chr a",15600000
6.87,-16.562,-1.888,"chr a",15700000
8.6,-18.926,-2.444,"chr a",15800000
8.25,-18.973,-3.725,"chr a",15900000
7.934,-18.61,-3.832,"chr a",16000000
8.641,-18.573,-3.73,"chr a",16100000
8.797,-17.534,-3.981,"chr a",16200000
8.291,-16.866,-4.733,"chr a",16300000
7.64,-16.855,-3.752,"chr a",16400000
8.28,-16.808,-3.084,"chr a",16500000
7.866,-16.929,-2.485,"chr a",16600000
6.971,-17.141,-1.894,"chr a",16700000
7.509,-16.163,-1.339,"chr a",16800000
7.436,-15.78,-1.349,"chr a",16900000
7.495,-16.347,-0.222,"chr a",17000000
8.003,-17.58,0.368,"chr a",17100000
8.774,-18.119,-0.081,"chr a",17200000
8.472,-17.273,-0.05,"chr a",17300000
8.24,-17.48,-0.678,"chr a",17400000
8.662,-17.014,-1.458,"chr a",17500000
8.056,-16.072,-0.466,"chr a",17600000
8.137,-14.755,0.122,"chr a",17700000
8.634,-13.416,0.452,"chr a",17800000
9.187,-12.844,1.165,"chr a",17900000
9.589,-12.701,0.9,"chr a",18000000
9.908,-11.755,0.267,"chr a",18100000
10.376,-11.894,-0.804,"chr a",18200000
9.518,-11.84,-2.032,"chr a",18300000
8.794,-11.218,-2.54,"chr a",18400000
7.826,-11.148,-3.052,"chr a",18500000
7.683,-12.169,-3.406,"chr a",18600000
8.718,-12.497,-3.109,"chr a",18700000
9.57,-12.238,-3.854,"chr a",18800000
10.322,-12.1,-3.16,"chr a",18900000
10.719,-11.603,-2.277,"chr a",19000000
10.255,-10.749,-1.208,"chr a",19100000
10.325,-10.299,-0.968,"chr a",19200000
9.562,-9.782,-1.593,"chr a",19300000
9.625,-9.798,-2.688,"chr a",19400000
9.799,-10.33,-3.263,"chr a",19500000
10.874,-10.45,-2.79,"chr a",19600000
11.886,-10.923,-1.981,"chr a",19700000
12.903,-11.67,-1.928,"chr a",19800000
13.568,-12.007,-2.728,"chr a",19900000
13.007,-11.284,-3.357,"chr a",20000000
11.997,-11.365,-3.488,"chr a",20100000
12.801,-10.424,-3.422,"chr a",20200000
12.738,-9.491,-3.551,"chr a",20300000
12.586,-9.875,-2.341,"chr a",20400000
13.07,-10.419,-1.806,"chr a",20500000
13.04,-11.139,-1.054,"chr a",20600000
12.764,-11.267,0.126,"chr a",20700000
12.234,-11.65,0.617,"chr a",20800000
11.614,-10.989,-0.108,"chr a",20900000
11.683,-10.446,-0.638,"chr a",21000000
11.569,-9.599,-1.281,"chr a",21100000
11.035,-8.795,-1.145,"chr a",21200000
11.031,-8.924,-0.373,"chr a",21300000
11.051,-9.464,0.635,"chr a",21400000
11.156,-9.204,1.609,"chr a",21500000
10.532,-9.455,1.192,"chr a",21600000
10.124,-9.781,0.134,"chr a",21700000
10.116,-9.939,0.205,"chr a",21800000
9.816,-8.552,0.209,"chr a",21900000
9.227,-7.664,0.902,"chr a",22000000
8.621,-5.655,2.453,"chr a",22100000
7.893,-5.932,3.414,"chr a",22200000
8.381,-6.573,4.092,"chr a",22300000
7.429,-7.149,4.128,"chr a",22400000
6.614,-7.414,3.381,"chr a",22500000
7.043,-6.867,2.357,"chr a",22600000
7.06,-6.28,2.063,"chr a",22700000
8.05,-6.66,1.729,"chr a",22800000
8.405,-7.367,0.946,"chr a",22900000
7.524,-7.44,0.603,"chr a",23000000
8.485,-6.964,1.348,"chr a",23100000
8.854,-7.298,2.463,"chr a",23200000
8.174,-7.819,3.035,"chr a",23300000
7.484,-8.032,2.345,"chr a",23400000
8.584,-8.697,2.224,"chr a",23500000
9.256,-8.65,1.954,"chr a",23600000
10.038,-7.759,1.967,"chr a",23700000
10.497,-6.852,2.336,"chr a",23800000
9.494,-6.352,2.366,"chr a",23900000
9.722,-6.658,3.53,"chr a",24000000
10.307,-7.648,3.364,"chr a",24100000
9.759,-8.426,2.637,"chr a",24200000
10.081,-9.109,3.582,"chr a",24300000
9.085,-9.018,4.128,"chr a",24400000
8.664,-8.513,4.033,"chr a",24500000
8.139,-9.045,3.876,"chr a",24600000
6.99,-9.234,3.44,"chr a",24700000
6.35,-9.499,3.175,"chr a",24800000
6.409,-9.369,3.176,"chr a",24900000
5.405,-9.52,2.396,"chr a",25000000
5.433,-9.713,2.281,"chr a",25100000
6.36,-9.754,1.728,"chr a",25200000
6.869,-10.059,1.254,"chr a",25300000
7.069,-10.402,1.901,"chr a",25400000
7.78,-10.48,2.661,"chr a",25500000
7.891,-9.653,2.657,"chr a",25600000
7.682,-8.888,1.849,"chr a",25700000
6.771,-8.666,0.815,"chr a",25800000
6.467,-9.017,0.11,"chr a",25900000
5.391,-9.131,0.183,"chr a",26000000
4.889,-8.779,0.109,"chr a",26100000
4.235,-8.45,1.078,"chr a",26200000
4.392,-7.975,2.155,"chr a",26300000
5.599,-8.142,1.905,"chr a",26400000
5.645,-7.937,2.208,"chr a",26500000
5.162,-7.016,2.488,"chr a",26600000
5.425,-6.415,1.576,"chr a",26700000
6.028,-7.258,0.649,"chr a",26800000
6.202,-7.185,0.783,"chr a",26900000
5.009,-6.861,0.479,"chr a",27000000
4.427,-6.942,0.135,"chr a",27100000
4.296,-6.424,-0.983,"chr a",27200000
5.117,-6.769,-1.6,"chr a",27300000
5.58,-7.65,-1.23,"chr a",27400000
6.297,-8.497,-1.004,"chr a",27500000
5.801,-9.283,-1.712,"chr a",27600000
4.676,-9.222,-1.711,"chr a",27700000
4.307,-8.43,-1.01,"chr a",27800000
3.61,-7.589,-0.613,"chr a",27900000
2.968,-7.485,-0.193,"chr a",28000000
2.577,-7.463,0.748,"chr a",28100000
3.582,-6.821,0.749,"chr a",28200000
4.296,-6.291,1.589,"chr a",28300000
3.702,-5.74,2.359,"chr a",28400000
2.915,-5.239,2.164,"chr a",28500000
2.363,-6.155,2.18,"chr a",28600000
3.039,-7.065,2.497,"chr a",28700000
1.992,-7.226,2.792,"chr a",28800000
1.083,-7.697,2.632,"chr a",28900000
1.024,-8.795,2.461,"chr a",29000000
1.817,-8.59,1.458,"chr a",29100000
2.51,-9.109,1.488,"chr a",29200000
2.94,-9.78,0.649,"chr a",29300000
3.391,-10.876,1.138,"chr a",29400000
3.992,-10.154,1.142,"chr a",29500000
3.604,-9.947,2.154,"chr a",29600000
3.38,-10.741,2.939,"chr a",29700000
3.691,-10.333,4.104,"chr a",29800000
3.581,-10.593,3.607,"chr a",29900000
4.094,-10.691,2.983,"chr a",30000000
3.613,-9.502,2.533,"chr a",30100000
3.176,-8.756,3.099,"chr a",30200000
2.678,-9.05,2.964,"chr a",30300000
2.085,-9.62,3.822,"chr a",30400000
0.934,-9.847,3.693,"chr a",30500000
0.507,-13.013,4.533,"chr a",30600000
-0.065,-13.961,4.314,"chr a",30700000
-0.147,-14.48,3.608,"chr a",30800000
-0.603,-13.837,2.664,"chr a",30900000
-1.751,-13.505,1.819,"chr a",31000000
-1.131,-12.734,1.049,"chr a",31100000
-0.784,-11.515,0.267,"chr a",31200000
-0.092,-11.08,-0.519,"chr a",31300000
0.061,-10.42,-1.354,"chr a",31400000
-0.168,-9.385,-1.219,"chr a",31500000
-0.63,-9.225,-0.291,"chr a",31600000
-0.274,-9.632,0.718,"chr a",31700000
0.286,-8.551,0.586,"chr a",31800000
0.916,-8.089,-0.248,"chr a",31900000
0.663,-7.033,-0.186,"chr a",32000000
-0.063,-7.156,0.636,"chr a",32100000
-0.302,-7.922,1.275,"chr a",32200000
-0.774,-8.77,1.755,"chr a",32300000
-1.061,-9.683,1.676,"chr a",32400000
-1.155,-10.713,1.737,"chr a",32500000
-0.449,-11.527,1.776,"chr a",32600000
-0.365,-12.49,2.435,"chr a",32700000
0.149,-11.815,1.954,"chr a",32800000
0.341,-12.364,0.945,"chr a",32900000
0.602,-12.397,0.38,"chr a",33000000
0.508,-12.765,0.762,"chr a",33100000
0.019,-13.771,1.212,"chr a",33200000
-0.487,-14.694,1.2,"chr a",33300000
-0.873,-15.442,1.305,"chr a",33400000
-0.724,-15.106,1.28,"chr a",33500000
1.923,-16.938,1.041,"chr a",33600000
2.824,-17.217,1.457,"chr a",33700000
3.245,-17.924,1.737,"chr a",33800000
3.889,-18.299,0.773,"chr a",33900000
4.722,-18.294,1.652,"chr a",34000000
4.24,-17.726,2.512,"chr a",34100000
5.114,-17.805,2.914,"chr a",34200000
4.461,-17.224,2.242,"chr a",34300000
4.933,-17.006,2.877,"chr a",34400000
5.493,-16.416,2.125,"chr a",34500000
6.318,-16.147,1.686,"chr a",34600000
6.469,-15.869,1.26,"chr a",34700000
6.839,-16.444,1.328,"chr a",34800000
5.493,-16.182,1.229,"chr a",34900000
5.019,-15.457,0.481,"chr a",35000000
4.626,-15.748,-0.13,"chr a",35100000
5.045,-16.66,0.35,"chr a",35200000
5.698,-16.15,-0.352,"chr a",35300000
6.149,-16.957,-0.419,"chr a",35400000
6.198,-16.408,-0.525,"chr a",35500000
6.473,-17.356,-0.653,"chr a",35600000
6.494,-17.43,-0.709,"chr a",35700000
6.48,-17.506,1.064,"chr a",35800000
5.906,-18.007,1.155,"chr a",35900000
6.307,-17.863,1.14,"chr a",36000000
6.702,-17.84,1.927,"chr a",36100000
7.078,-18.299,2.494,"chr a",36200000
7.391,-17.283,2.746,"chr a",36300000
6.41,-17.791,3.213,"chr a",36400000
6.916,-18.4,4.477,"chr a",36500000
7.25,-18.204,5.549,"chr a",36600000
7.781,-18.086,5.174,"chr a",36700000
7.143,-17.937,4.314,"chr a",36800000
7.263,-16.842,4.29,"chr a",36900000
7.898,-16.662,4.902,"chr a",37000000
7.54,-16.561,5.354,"chr a",37100000
7.649,-16.187,6.033,"chr a",37200000
7.462,-15.234,6.801,"chr a",37300000
7.71,-15.358,7.13,"chr a",37400000
8.604,-15.296,7.119,"chr a",37500000
8.859,-15.005,6.559,"chr a",37600000
9.599,-14.101,6.174,"chr a",37700000
9.359,-13.217,5.405,"chr a",37800000
9.393,-12.282,5.412,"chr a",37900000
10.127,-12.624,4.729,"chr a",38000000
9.798,-12.842,3.827,"chr a",38100000
9.33,-11.985,4.089,"chr a",38200000
10.29,-11.758,3.388,"chr a",38300000
10.29,-11.066,3.981,"chr a",38400000
9.92,-10.603,4.524,"chr a",38500000
9.451,-10.424,5.348,"chr a",38600000
8.747,-11.28,5.241,"chr a",38700000
7.751,-11.248,5.599,"chr a",38800000
7.78,-10.229,6.305,"chr a",38900000
6.73,-9.578,6.129,"chr a",39000000
6.396,-9.484,6.185,"chr a",39100000
5.459,-8.927,7.09,"chr a",39200000
5.996,-8.714,7.484,"chr a",39300000
6.051,-8.697,8.414,"chr a",39400000
5.87,-9.828,8.612,"chr a",39500000
5.95,-10.803,7.663,"chr a",39600000
5.485,-10.235,7.356,"chr a",39700000
5.976,-10.882,6.588,"chr a",39800000
6.784,-11.029,7.352,"chr a",39900000
6.991,-10.53,7.287,"chr a",40000000
8.19,-9.298,5.493,"chr a",40100000
7.704,-9.942,4.928,"chr a",40200000
7.328,-10.044,4.638,"chr a",40300000
6.843,-9.129,3.612,"chr a",40400000
6.718,-10.197,4.553,"chr a",40500000
6.43,-11.334,5.429,"chr a",40600000
6.207,-10.721,4.624,"chr a",40700000
7.147,-11.358,2.527,"chr a",40800000
7.766,-11.775,1.503,"chr a",40900000
6.875,-11.902,0.571,"chr a",41000000
6.341,-12.805,0.579,"chr a",41100000
5.553,-12.814,0.656,"chr a",41200000
6.039,-12.57,-0.234,"chr a",41300000
5.184,-12.225,-1.125,"chr a",41400000
4.996,-11.48,-1.76,"chr a",41500000
5.519,-11.371,-1.667,"chr a",41600000
6.437,-12.843,-1.892,"chr a",41700000
6.417,-13.022,-0.881,"chr a",41800000
5.45,-14.032,-0.881,"chr a",41900000
5.296,-14.1,-0.486,"chr a",42000000
5.022,-14.433,0.487,"chr a",42100000
5.639,-14.217,1.435,"chr a",42200000
6.081,-14.337,1.728,"chr a",42300000
6.658,-14.673,1.179,"chr a",42400000
6.741,-14.889,0.004,"chr a",42500000
6.754,-13.6,0.207,"chr a",42600000
5.856,-13.037,0.942,"chr a",42700000
5.096,-12.98,1.951,"chr a",42800000
4.727,-12.419,2.514,"chr a",42900000
5.589,-12.857,2.079,"chr a",43000000
7.519,-11.705,4.024,"chr a",43100000
7.178,-12.08,4.345,"chr a",43200000
7.094,-11.195,3.636,"chr a",43300000
5.939,-11.142,3.116,"chr a",43400000
6.004,-12.131,3.773,"chr a",43500000
6.157,-12.194,3.76,"chr a",43600000
5.717,-11.906,3.514,"chr a",43700000
6.625,-12.24,2.484,"chr a",43800000
7.053,-13.156,2.347,"chr a",43900000
8.421,-13.252,2.476,"chr a",44000000
7.557,-13.01,1.913,"chr a",44100000
7.525,-13.067,1.824,"chr a",44200000
7.67,-13.452,0.51,"chr a",44300000
8.135,-13.06,-0.462,"chr a",44400000
8.279,-12.588,-1.154,"chr a",44500000
7.248,-12.224,-1.289,"chr a",44600000
7.277,-11.746,-1.148,"chr a",44700000
7.14,-10.57,-1.243,"chr a",44800000
7.482,-10.62,-0.349,"chr a",44900000
8.526,-11.072,-0.603,"chr a",45000000
8.726,-11.95,-0.212,"chr a",45100000
8.907,-11.292,-0.017,"chr a",45200000
8.853,-10.975,1.135,"chr a",45300000
8.705,-10.242,1.086,"chr a",45400000
8.625,-10.95,1.323,"chr a",45500000
8.085,-11.9,0.991,"chr a",45600000
7.077,-11.735,0.666,"chr a",45700000
5.853,-11.537,1.446,"chr a",45800000
5.442,-11.182,1.637,"chr a",45900000
5.437,-11.273,1.207,"chr a",46000000
5.814,-10.858,0.098,"chr a",46100000
5.711,-10.871,0.122,"chr a",46200000
4.795,-11.29,0.16,"chr a",46300000
4.144,-12.064,0.455,"chr a",46400000
4.121,-13.03,0.39,"chr a",46500000
4,-13.798,0.669,"chr a",46600000
3.955,-13.525,1.166,"chr a",46700000
3.321,-13.977,1.473,"chr a",46800000
3.175,-13.821,1.426,"chr a",46900000
2.574,-12.683,1.384,"chr a",47000000
2.117,-12.041,1.541,"chr a",47100000
1.679,-11.192,1.827,"chr a",47200000
1.115,-10.412,1.042,"chr a",47300000
1.395,-10.09,0.042,"chr a",47400000
1.851,-10.767,-0.588,"chr a",47500000
1.855,-11.248,0.383,"chr a",47600000
2.037,-10.784,1.921,"chr a",47700000
1.427,-10.835,2.791,"chr a",47800000
1.98,-11.224,3.101,"chr a",47900000
2.099,-11.964,3.713,"chr a",48000000
2.728,-12.919,3.401,"chr a",48100000
2.527,-11.962,3.01,"chr a",48200000
3.426,-12.229,2.46,"chr a",48300000
3.458,-11.825,1.342,"chr a",48400000
3.902,-11.906,2.263,"chr a",48500000
3.071,-12.587,2.581,"chr a",48600000
2.293,-13.257,1.543,"chr a",48700000
2.177,-12.938,0.248,"chr a",48800000
1.573,-13.354,-0.744,"chr a",48900000
1.769,-13.693,-1.256,"chr a",49000000
2.449,-13.875,-0.125,"chr a",49100000
2.432,-12.622,-0.246,"chr a",49200000
3.17,-12.198,-0.114,"chr a",49300000
3.314,-12.444,-1.251,"chr a",49400000
2.864,-13.019,-2.032,"chr a",49500000
3.688,-13.377,-1.475,"chr a",49600000
3.449,-13.811,-0.522,"chr a",49700000
4.378,-15.465,1.566,"chr a",49800000
3.906,-15.773,1.346,"chr a",49900000
3.541,-16.573,0.486,"chr a",50000000
2.939,-16.808,-0.665,"chr a",50100000
3.324,-16.851,-1.981,"chr a",50200000
3.361,-16.351,-2.839,"chr a",50300000
3.279,-15.776,-2.024,"chr a",50400000
3.034,-16.161,-0.799,"chr a",50500000
2.264,-15.566,-1.053,"chr a",50600000
2.687,-15.096,-1.581,"chr a",50700000
3.859,-14.882,-1.905,"chr a",50800000
4.013,-15.3,-0.965,"chr a",50900000
3.263,-15.908,-0.041,"chr a",51000000
2.291,-15.418,0.032,"chr a",51100000
2.471,-15.218,0.162,"chr a",51200000
2.826,-15.32,0.548,"chr a",51300000
3.138,-15.95,1.663,"chr a",51400000
2.71,-15.309,1.492,"chr a",51500000
2.447,-15.013,2.13,"chr a",51600000
2.956,-15.475,3.364,"chr a",51700000
3.617,-14.877,4.064,"chr a",51800000
2.503,-14.686,4.212,"chr a",51900000
2.101,-14.338,2.993,"chr a",52000000
1.141,-14.765,2.733,"chr a",52100000
0.596,-15.084,1.892,"chr a",52200000
0.763,-15.604,1.006,"chr a",52300000
0.777,-14.886,0.225,"chr a",52400000
1.233,-14.077,1.109,"chr a",52500000
1.283,-14.043,1.828,"chr a",52600000
0.042,-14.132,1.72,"chr a",52700000
-0.353,-14.097,0.552,"chr a",52800000
0.096,-14.512,-0.321,"chr a",52900000
-0.347,-15.682,-0.343,"chr a",53000000
-1.6,-15.953,0.317,"chr a",53100000
-1.305,-16.567,0.295,"chr a",53200000
-1.475,-17.35,-0.62,"chr a",53300000
-1.991,-17.542,-1.157,"chr a",53400000
-0.983,-17.955,-0.482,"chr a",53500000
-0.289,-18.227,-0.409,"chr a",53600000
0.35,-17.123,-0.209,"chr a",53700000
-0.197,-16.212,-0.162,"chr a",53800000
0.639,-16.067,-1.084,"chr a",53900000
1.51,-16.471,-1.885,"chr a",54000000
1.687,-16.653,-2.417,"chr a",54100000
1.246,-17.021,-1.846,"chr a",54200000
0.274,-17.64,-1.824,"chr a",54300000
-0.559,-17.921,-1.527,"chr a",54400000
-0.028,-17.186,-1.09,"chr a",54500000
0.668,-17.751,-0.2,"chr a",54600000
0.313,-17.667,0.795,"chr a",54700000
1.003,-16.966,1.18,"chr a",54800000
1.719,-16.448,1.29,"chr a",54900000
1.872,-16.613,2.61,"chr a",55000000
1.562,-16.103,3.566,"chr a",55100000
1.149,-14.914,3.355,"chr a",55200000
1.137,-13.931,3.677,"chr a",55300000
1.289,-12.68,3.153,"chr a",55400000
0.815,-12.285,3.826,"chr a",55500000
0.574,-13.128,3.274,"chr a",55600000
0.994,-12.857,2.596,"chr a",55700000
1.101,-11.37,4.649,"chr a",55800000
1.001,-9.975,5.432,"chr a",55900000
1.428,-9.201,5.868,"chr a",56000000
0.67,-9.358,5.588,"chr a",56100000
-0.055,-9.16,6.364,"chr a",56200000
-0.985,-9.845,6.427,"chr a",56300000
-0.013,-9.028,6.998,"chr a",56400000
0.636,-7.91,6.988,"chr a",56500000
0.971,-6.682,6.973,"chr a",56600000
1.056,-6.009,6.034,"chr a",56700000
0.959,-6.33,5.276,"chr a",56800000
1.045,-7.514,5.929,"chr a",56900000
1.024,-8.035,5.397,"chr a",57000000
1.038,-8.026,4.332,"chr a",57100000
1.564,-8.142,5.236,"chr a",57200000
2.089,-7.566,6.254,"chr a",57300000
2.512,-7.523,7.209,"chr a",57400000
2.1,-8.094,7.9,"chr a",57500000
2.596,-8.274,8.407,"chr a",57600000
2.53,-7.917,8.427,"chr a",57700000
2.692,-6.944,8.991,"chr a",57800000
2.573,-7.658,9.615,"chr a",57900000
1.453,-7.726,9.4,"chr a",58000000
1.399,-7.7,10.184,"chr a",58100000
1.418,-7.695,10.373,"chr a",58200000
1.365,-6.501,10.54,"chr a",58300000
1.823,-5.955,10.982,"chr a",58400000
1.126,-5.765,10.331,"chr a",58500000
1.067,-5.081,9.443,"chr a",58600000
0.567,-4.387,8.99,"chr a",58700000
-0.243,-4.668,9.554,"chr a",58800000
-0.763,-4.659,10.34,"chr a",58900000
-1.288,-4.05,10.975,"chr a",59000000
-0.706,-3.1,11.295,"chr a",59100000
0.101,-3.369,12.029,"chr a",59200000
0.639,-3.238,12.429,"chr a",59300000
0.839,-2.285,11.686,"chr a",59400000
0.866,-2.753,11.793,"chr a",59500000
0.993,-2.004,11.72,"chr a",59600000
0.462,-1.914,10.719,"chr a",59700000
0.148,-1.229,9.981,"chr a",59800000
-0.338,-2.359,9.635,"chr a",59900000
-0.955,-2.366,10.074,"chr a",60000000
-0.042,-2.894,10.061,"chr a",60100000
-0.56,-2.966,9.351,"chr a",60200000
-1.739,-3.34,8.861,"chr a",60300000
-1.071,-3.437,8.899,"chr a",60400000
-0.69,-4.459,8.282,"chr a",60500000
-0.889,-4.968,7.713,"chr a",60600000
-0.668,-5.726,6.786,"chr a",60700000
-0.277,-6.184,7.508,"chr a",60800000
-0.378,-5.978,8.22,"chr a",60900000
-0.817,-6.727,7.559,"chr a",61000000
-1.501,-6.702,6.587,"chr a",61100000
-2.147,-7.34,5.543,"chr a",61200000
-2.389,-7.136,4.364,"chr a",61300000
-3.246,-6.825,4.87,"chr a",61400000
-2.624,-7.325,5.695,"chr a",61500000
-2.195,-8.387,5.412,"chr a",61600000
-1.708,-8.03,4.296,"chr a",61700000
-1.093,-7.824,4.486,"chr a",61800000
-0.731,-7.916,5.58,"chr a",61900000
-0.505,-6.862,5.761,"chr a",62000000
-0.491,-6.333,5.827,"chr a",62100000
-1.042,-5.97,5,"chr a",62200000
-2.013,-5.617,5.038,"chr a",62300000
-2.438,-5.591,5.248,"chr a",62400000
-2.34,-6.156,6.489,"chr a",62500000
-2.462,-5.849,6.984,"chr a",62600000
-2.532,-5.117,6.947,"chr a",62700000
-2.285,-5.604,7.89,"chr a",62800000
-1.718,-6.125,8.337,"chr a",62900000
0.224,-6.306,9.437,"chr a",63000000
-0.087,-6.508,10.148,"chr a",63100000
-0.417,-7.145,9.813,"chr a",63200000
-1.52,-7.302,9.691,"chr a",63300000
-1.469,-7.273,9.129,"chr a",63400000
-2.05,-7.651,8.215,"chr a",63500000
-3.114,-8.122,7.616,"chr a",63600000
-3.451,-8.797,7.521,"chr a",63700000
-3.684,-9.628,8.549,"chr a",63800000
-2.65,-9.731,9.109,"chr a",63900000
-1.593,-9.505,9.113,"chr a",64000000
-1.592,-8.774,8.383,"chr a",64100000
-1.292,-9.139,7.828,"chr a",64200000
-1.887,-8.543,6.784,"chr a",64300000
-2.356,-7.692,7.46,"chr a",64400000
-1.323,-7.686,7.235,"chr a",64500000
-2.161,-9.003,7.299,"chr a",64600000
-2.698,-10.264,7.308,"chr a",64700000
-2.37,-10.481,8.388,"chr a",64800000
-2.106,-10.281,7.726,"chr a",64900000
-3.435,-10.425,7.075,"chr a",65000000
-2.6,-10.822,6.555,"chr a",65100000
-2.96,-11.574,5.879,"chr a",65200000
-3.289,-11.24,4.748,"chr a",65300000
-4.259,-11.69,3.077,"chr a",65400000
-4.708,-11.275,2.821,"chr a",65500000
-4.534,-10.847,3.604,"chr a",65600000
-4.093,-10.383,3.563,"chr a",65700000
-3.835,-10.403,4.69,"chr a",65800000
-3.492,-9.483,5.313,"chr a",65900000
-3.051,-9.532,5.64,"chr a",66000000
-0.95,-10.052,6.143,"chr a",66100000
-0.588,-9.645,4.958,"chr a",66200000
-0.975,-9.706,4.716,"chr a",66300000
-1.927,-8.917,5.072,"chr a",66400000
-2.375,-9.756,5.581,"chr a",66500000
-2.112,-10.305,5.25,"chr a",66600000
-2.154,-11.004,4.885,"chr a",66700000
-2.022,-10.622,4.439,"chr a",66800000
-1.558,-10.245,3.602,"chr a",66900000
-1.558,-9.676,3.268,"chr a",67000000
-2.647,-9.806,3.668,"chr a",67100000
-3.342,-10.203,3.066,"chr a",67200000
-2.68,-11.021,2.523,"chr a",67300000
-2.648,-11.549,3.03,"chr a",67400000
-2.795,-11.604,4.041,"chr a",67500000
-1.621,-11.759,4.673,"chr a",67600000
-1.134,-12.778,5.537,"chr a",67700000
-1.053,-13.225,5.806,"chr a",67800000
0.339,-13.29,5.861,"chr a",67900000
0.057,-12.468,5.294,"chr a",68000000
-0.353,-11.503,4.982,"chr a",68100000
-0.358,-10.729,3.569,"chr a",68200000
-0.384,-10.926,3.443,"chr a",68300000
-0.674,-11.919,4.035,"chr a",68400000
-1.149,-12.894,3.905,"chr a",68500000
-1.309,-13.862,3.275,"chr a",68600000
-1.822,-14.348,4.192,"chr a",68700000
-1.779,-13.672,3.459,"chr a",68800000
-1.329,-12.573,2.607,"chr a",68900000
-1.566,-12.303,2.796,"chr a",69000000
-1.098,-12.143,4.017,"chr a",69100000
-0.59,-11.513,5.27,"chr a",69200000
-1.208,-11.653,6.412,"chr a",69300000
-1.121,-12.277,6.829,"chr a",69400000
-1.676,-12.67,7.142,"chr a",69500000
-1.373,-12.22,7.766,"chr a",69600000
-0.199,-12.145,7.784,"chr a",69700000
0.369,-12.012,6.892,"chr a",69800000
0.083,-11.052,6.682,"chr a",69900000
1.265,-10.893,7.171,"chr a",70000000
2.321,-10.913,6.391,"chr a",70100000
2.699,-10.895,6.402,"chr a",70200000
2.64,-11.998,6.241,"chr a",70300000
2.877,-12.468,6.412,"chr a",70400000
1.353,-11.672,5.551,"chr a",70500000
0.992,-10.738,4.711,"chr a",70600000
2.124,-10.039,4.188,"chr a",70700000
3.015,-9.703,4.774,"chr a",70800000
2.768,-9.445,5.772,"chr a",70900000
3.209,-9.131,6.632,"chr a",71000000
3.86,-8.756,5.928,"chr a",71100000
4.04,-8.783,5.617,"chr a",71200000
3.634,-8.215,5.915,"chr a",71300000
3.144,-9.065,6.644,"chr a",71400000
3.062,-9.616,7.817,"chr a",71500000
3.14,-9.202,9.08,"chr a",71600000
2.713,-9.588,8.835,"chr a",71700000
1.708,-9.929,7.975,"chr a",71800000
1.494,-9.03,6.889,"chr a",71900000
2.338,-9.474,7.531,"chr a",72000000
3.005,-10.251,7.646,"chr a",72100000
3.028,-11.36,7.946,"chr a",72200000
2.875,-11.136,8.724,"chr a",72300000
2.321,-10.622,8.589,"chr a",72400000
1.217,-11.552,9.069,"chr a",72500000
1.636,-10.837,9.69,"chr a",72600000
2.021,-10.435,9.95,"chr a",72700000
1.971,-9.416,10.331,"chr a",72800000
2.111,-10.022,10.707,"chr a",72900000
2.589,-10.555,11.023,"chr a",73000000
2.174,-11.024,11.275,"chr a",73100000
2.37,-11.735,10.389,"chr a",73200000
2.747,-12.281,9.196,"chr a",73300000
2.191,-12.706,9.077,"chr a",73400000
1.468,-12.253,9.801,"chr a",73500000
2.138,-12.303,10.729,"chr a",73600000
2.451,-12.406,10.875,"chr a",73700000
2.012,-12.869,10.413,"chr a",73800000
2.007,-13.599,11.294,"chr a",73900000
2.298,-13.577,12.012,"chr a",74000000
2.146,-13.002,12.332,"chr a",74100000
2.558,-12.137,13.221,"chr a",74200000
3.427,-12.898,13.559,"chr a",74300000
3.277,-12.181,13.429,"chr a",74400000
2.907,-13.198,13.34,"chr a",74500000
3.33,-12.862,14.384,"chr a",74600000
2.589,-11.991,14.997,"chr a",74700000
2.299,-11.399,16.134,"chr a",74800000
1.721,-10.836,15.357,"chr a",74900000
1.338,-10.552,15.439,"chr a",75000000
0.953,-9.711,16.277,"chr a",75100000
0.099,-9.947,15.779,"chr a",75200000
-0.831,-10.377,15.029,"chr a",75300000
-1.691,-9.847,14.96,"chr a",75400000
-1.668,-9.002,16.056,"chr a",75500000
-3.146,-9.429,17.646,"chr a",75600000
-4.533,-10.479,17.907,"chr a",75700000
-4.574,-10.485,17.788,"chr a",75800000
-4.726,-11.549,18.643,"chr a",75900000
-4.336,-12.438,19.464,"chr a",76000000
-3.476,-12.41,18.971,"chr a",76100000
-4.416,-11.966,19.377,"chr a",76200000
-4.744,-11.391,19.914,"chr a",76300000
-3.693,-11.136,19.724,"chr a",76400000
-3.239,-11.271,19.457,"chr a",76500000
-3.601,-10.192,18.901,"chr a",76600000
-5.348,-11.082,18.754,"chr a",76700000
-6.291,-11.148,19.623,"chr a",76800000
-5.723,-10.15,19.728,"chr a",76900000
-5.364,-10.344,19.296,"chr a",77000000
-4.861,-9.273,19.01,"chr a",77100000
-5.132,-10.143,20.91,"chr a",77200000
-3.972,-10.756,21.63,"chr a",77300000
-3.533,-10.805,20.961,"chr a",77400000
-4.145,-10.078,20.7,"chr a",77500000
-4.339,-10.105,20.027,"chr a",77600000
-4.026,-10.474,18.807,"chr a",77700000
-3.101,-10.116,18.948,"chr a",77800000
-3.674,-9.456,19.894,"chr a",77900000
-4.193,-8.499,19.775,"chr a",78000000
-4.397,-9.069,20.828,"chr a",78100000
-4.589,-8.956,21.332,"chr a",78200000
-5.608,-9.153,21.702,"chr a",78300000
-6.364,-8.456,21.593,"chr a",78400000
-6.216,-7.947,20.656,"chr a",78500000
-7.012,-8.058,21.202,"chr a",78600000
-7.198,-7.831,20.65,"chr a",78700000
-6.976,-7.512,19.461,"chr a",78800000
-6.028,-8.102,20.03,"chr a",78900000
-5.514,-7.607,20.193,"chr a",79000000
-5.616,-6.78,19.893,"chr a",79100000
-6.862,-6.804,20.184,"chr a",79200000
-8.111,-6.678,20.449,"chr a",79300000
-8.064,-6.732,20.74,"chr a",79400000
-5.776,-7.021,21.49,"chr a",79500000
-5.472,-7.524,20.643,"chr a",79600000
-6.21,-6.781,21.505,"chr a",79700000
-6.408,-6.514,21.428,"chr a",79800000
-6.809,-6.573,20.274,"chr a",79900000
-5.736,-6.346,19.741,"chr a",80000000
-5.737,-5.683,20.566,"chr a",80100000
-4.73,-5.852,20.673,"chr a",80200000
-4.024,-6.6,20.309,"chr a",80300000
-4.142,-6.928,20.636,"chr a",80400000
-3.382,-6.875,20.426,"chr a",80500000
-3.139,-7.692,21.096,"chr a",80600000
-3.336,-7.94,22.11,"chr a",80700000
-3.452,-7.969,22.082,"chr a",80800000
-2.361,-8.082,20.246,"chr a",80900000
-2.581,-7.978,20.731,"chr a",81000000
-2.804,-8.023,20.216,"chr a",81100000
-3.075,-9.184,22.175,"chr a",81200000
-3.322,-10.136,22.71,"chr a",81300000
-2.082,-10.444,22.297,"chr a",81400000
-2.225,-10.681,21.868,"chr a",81500000
-2.643,-9.62,21.371,"chr a",81600000
-0.879,-11.807,20.684,"chr a",81700000
-1.481,-12.29,21.402,"chr a",81800000
-1.957,-11.889,22.321,"chr a",81900000
-1.683,-11.617,22.515,"chr a",82000000
-0.796,-10.754,22.353,"chr a",82100000
-0.827,-9.932,21.852,"chr a",82200000
-1.771,-9.217,20.91,"chr a",82300000
-2.707,-9.847,20.564,"chr a",82400000
-1.449,-9.569,20.206,"chr a",82500000
-0.287,-11.219,19.32,"chr a",82600000
0.982,-10.163,18.578,"chr a",82700000
0.476,-10.169,17.723,"chr a",82800000
0.394,-11.281,17.251,"chr a",82900000
1.267,-11.017,17.794,"chr a",83000000
0.778,-11.22,16.969,"chr a",83100000
0.106,-10.434,17.049,"chr a",83200000
-0.334,-11.359,17.754,"chr a",83300000
-0.524,-12.548,17.542,"chr a",83400000
-0.251,-12.615,17.774,"chr a",83500000
-0.386,-11.225,18.153,"chr a",83600000
-1.024,-9.771,17.291,"chr a",83700000
-0.774,-10.51,16.141,"chr a",83800000
-1.158,-10.356,15.71,"chr a",83900000
-0.715,-11.295,15.888,"chr a",84000000
-0.368,-11.841,16.122,"chr a",84100000
0.568,-11.822,15.078,"chr a",84200000
-0.568,-11.524,14.926,"chr a",84300000
0.413,-11.285,14.714,"chr a",84400000
0.369,-12.043,13.719,"chr a",84500000
0.802,-11.83,12.635,"chr a",84600000
1.661,-11.111,11.847,"chr a",84700000
1.447,-11.22,12.103,"chr a",84800000
0.618,-11.881,11.307,"chr a",84900000
0.015,-10.907,11.003,"chr a",85000000
-0.714,-10.332,10.742,"chr a",85100000
-0.707,-10.385,10.086,"chr a",85200000
-1.53,-9.668,10.058,"chr a",85300000
-3.26,-7.929,9.087,"chr a",85400000
-3.562,-6.986,8.153,"chr a",85500000
-4.072,-6.354,7.583,"chr a",85600000
-4.078,-5.771,7.03,"chr a",85700000
-3.897,-5.104,6.214,"chr a",85800000
-4.083,-5.732,5.141,"chr a",85900000
-5.14,-5.49,4.709,"chr a",86000000
-5.992,-5.045,4.297,"chr a",86100000
-6.044,-5.045,5.177,"chr a",86200000
-5.406,-4.864,5.79,"chr a",86300000
-5.072,-4.169,6.628,"chr a",86400000
-4.233,-3.636,6.784,"chr a",86500000
-3.538,-3.89,6.219,"chr a",86600000
-4.081,-3.82,4.96,"chr a",86700000
-4.889,-3.97,4.175,"chr a",86800000
-4.289,-3.876,4.848,"chr a",86900000
-3.572,-4.543,5.68,"chr a",87000000
-2.786,-3.985,6.804,"chr a",87100000
-1.822,-3.672,7.436,"chr a",87200000
-2.691,-2.676,7.685,"chr a",87300000
-3.523,-2.421,7.323,"chr a",87400000
-3.423,-4.837,8.753,"chr a",87500000
-3.018,-6.855,9.644,"chr a",87600000
-2.92,-7.833,9.557,"chr a",87700000
-2.519,-6.332,9.671,"chr a",87800000
-1.944,-5.916,10.214,"chr a",87900000
-2.223,-5.08,9.585,"chr a",88000000
-3.218,-5.158,8.821,"chr a",88100000
-3.475,-4.197,8.554,"chr a",88200000
-3.772,-3.617,9.025,"chr a",88300000
-4.855,-3.524,8.284,"chr a",88400000
-5.083,-2.882,8.422,"chr a",88500000
-5.105,-3.346,8.426,"chr a",88600000
-5.214,-2.275,8.225,"chr a",88700000
-6.037,-2.787,7.802,"chr a",88800000
-7.33,-3.116,7.717,"chr a",88900000
-7.699,-3.047,7.101,"chr a",89000000
-7.353,-2.882,6.654,"chr a",89100000
-6.943,-2.727,7.816,"chr a",89200000
-6.451,-2.932,8.823,"chr a",89300000
-5.569,-3.027,9.685,"chr a",89400000
-5.636,-4.095,9.913,"chr a",89500000
-6.602,-4.469,9.36,"chr a",89600000
-6.245,-4.505,10.065,"chr a",89700000
-6.27,-4.762,8.929,"chr a",89800000
-5.821,-4.61,7.935,"chr a",89900000
-4.941,-4.713,8.64,"chr a",90000000
-4.744,-5.378,8.943,"chr a",90100000
-4.551,-6.509,9.403,"chr a",90200000
-4.778,-4.331,9.715,"chr a",90300000
-3.74,-3.919,10.171,"chr a",90400000
-4.131,-3.096,9.57,"chr a",90500000
-4.213,-2.917,10.833,"chr a",90600000
-4.66,-3.853,11.152,"chr a",90700000
-3.985,-4.943,11.904,"chr a",90800000
-4.431,-5.326,11.371,"chr a",90900000
-5.12,-5.217,10.318,"chr a",91000000
-3.966,-4.802,10.265,"chr a",91100000
-3.301,-6.779,10.84,"chr a",91200000
-3.286,-7.209,11.524,"chr a",91300000
-4.054,-6.83,12.192,"chr a",91400000
-4.86,-7.064,11.045,"chr a",91500000
-4.427,-6.685,11.069,"chr a",91600000
-5.007,-6.383,11.416,"chr a",91700000
-3.554,-6.559,12.216,"chr a",91800000
-2.569,-6.597,12.561,"chr a",91900000
-1.444,-6.368,12.269,"chr a",92000000
-2.233,-5.505,11.928,"chr a",92100000
-3.014,-5.366,11.572,"chr a",92200000
-2.866,-4.521,11,"chr a",92300000
-3.34,-5.391,10.418,"chr a",92400000
-3.609,-6.295,9.962,"chr a",92500000
-3.93,-5.822,10.294,"chr a",92600000
-4.651,-5.414,11.114,"chr a",92700000
-4.255,-4.923,12.08,"chr a",92800000
-3.649,-5.128,13.06,"chr a",92900000
-3.045,-6.078,13.155,"chr a",93000000
-3.839,-6.257,13.873,"chr a",93100000
-3.777,-5.455,14.139,"chr a",93200000
-3.915,-6.486,13.95,"chr a",93300000
-3.151,-7.567,13.682,"chr a",93400000
-2.894,-8.42,14.702,"chr a",93500000
-3.056,-8.524,15.988,"chr a",93600000
-4.222,-8.203,15.905,"chr a",93700000
-3.727,-8.911,16.082,"chr a",93800000
-2.772,-9.17,16.365,"chr a",93900000
-2.155,-9.608,17.269,"chr a",94000000
-1.202,-11.113,17.107,"chr a",94100000
-1.201,-11.497,16.513,"chr a",94200000
-1.758,-11.03,16.67,"chr a",94300000
-2.344,-10.644,16.309,"chr a",94400000
-2.295,-11.632,16.737,"chr a",94500000
-2.632,-12.461,16.244,"chr a",94600000
-2.018,-13.022,16.866,"chr a",94700000
-1.016,-12.804,17.155,"chr a",94800000
-1.882,-12.537,17.621,"chr a",94900000
-2.116,-12.068,16.641,"chr a",95000000
-1.802,-12.413,18.009,"chr a",95100000
-1.447,-13.751,18.157,"chr a",95200000
-1.178,-13.993,17.558,"chr a",95300000
-0.229,-14.647,17.915,"chr a",95400000
0.235,-14.474,18.815,"chr a",95500000
-0.702,-13.713,19.135,"chr a",95600000
-0.221,-13.933,19.61,"chr a",95700000
-0.267,-12.921,18.931,"chr a",95800000
-0.915,-12.499,19.443,"chr a",95900000
-1.987,-12.695,19.902,"chr a",96000000
-2.59,-13.473,19.119,"chr a",96100000
-2.485,-13.124,19.696,"chr a",96200000
-3.25,-12.485,20.622,"chr a",96300000
-4.055,-12.652,21.327,"chr a",96400000
-3.411,-11.878,20.848,"chr a",96500000
-2.666,-12.553,20.603,"chr a",96600000
-2.155,-11.928,21.08,"chr a",96700000
-1.766,-11.003,20.668,"chr a",96800000
-1.803,-11.051,20.17,"chr a",96900000
-1.87,-10.952,19.972,"chr a",97000000
-2.349,-11.432,19.407,"chr a",97100000
-2.273,-12.216,18.564,"chr a",97200000
-2.263,-11.237,18.905,"chr a",97300000
-1.629,-11.989,18.842,"chr a",97400000
-1.067,-11.192,19.606,"chr a",97500000
-1.008,-10.071,19.548,"chr a",97600000
-0.889,-9.675,19.763,"chr a",97700000
-1.978,-10.049,19.158,"chr a",97800000
-1.368,-10.353,18.235,"chr a",97900000
-1.514,-10.686,17.988,"chr a",98000000
-0.371,-10.865,18.876,"chr a",98100000
0.325,-10.979,19.114,"chr a",98200000
0.805,-10.667,20.115,"chr a",98300000
0.209,-10.787,20.976,"chr a",98400000
-0.302,-11.398,21.48,"chr a",98500000
-1.259,-10.842,23.376,"chr a",98600000
-0.372,-11.033,24.014,"chr a",98700000
0.875,-11.694,23.625,"chr a",98800000
0.98,-12.654,22.338,"chr a",98900000
0.509,-12.055,23.241,"chr a",99000000
-0.238,-12.616,22.688,"chr a",99100000
-0.068,-11.845,21.891,"chr a",99200000
-0.658,-10.578,20.819,"chr a",99300000
-1.278,-10.329,21.816,"chr a",99400000
-1.257,-8.829,21.673,"chr a",99500000
-1.894,-8.396,22.525,"chr a",99600000
-1.557,-8.542,23.517,"chr a",99700000
-0.822,-9.571,23.592,"chr a",99800000
-0.842,-9.306,23.426,"chr a",99900000
0.397,-8.851,23.258,"chr a",100000000
-0.457,-8.549,23.208,"chr a",100100000
-1.581,-8.997,22.648,"chr a",100200000
-1.939,-9.592,23.518,"chr a",100300000
-0.678,-7.579,23.919,"chr a",100400000
0.073,-6.82,24.266,"chr a",100500000
0.738,-6.904,23.829,"chr a",100600000
0.147,-7.481,23.131,"chr a",100700000
0.615,-8.066,23.014,"chr a",100800000
1.017,-7.55,21.764,"chr a",100900000
0.618,-6.939,21.787,"chr a",101000000
0.629,-6.075,22.649,"chr a",101100000
1.2,-6.515,23.46,"chr a",101200000
1.722,-7.455,22.76,"chr a",101300000
0.786,-7.289,22.457,"chr a",101400000
1.059,-6.156,23.117,"chr a",101500000
1.508,-6.755,24.2,"chr a",101600000
2.185,-6.609,23.377,"chr a",101700000
2.453,-6.344,23.159,"chr a",101800000
2.079,-5.32,23.31,"chr a",101900000
2.085,-5.004,24.482,"chr a",102000000
2.685,-3.973,24.737,"chr a",102100000
2.263,-2.848,24.538,"chr a",102200000
2.403,-1.95,24.887,"chr a",102300000
2.606,-2.758,26.115,"chr a",102400000
3.622,-2.532,26.65,"chr a",102500000
4.903,-2.913,26.748,"chr a",102600000
4.502,-2.549,25.876,"chr a",102700000
3.857,-1.718,25.574,"chr a",102800000
2.995,-1.731,25.861,"chr a",102900000
2.592,-2.152,26.407,"chr a",103000000
3.74,-1.99,25.754,"chr a",103100000
4.664,-1.398,25.304,"chr a",103200000
4.772,-1.6,24.631,"chr a",103300000
5.349,-0.92,25.321,"chr a",103400000
4.693,-0.927,26.483,"chr a",103500000
3.834,-1.108,26.601,"chr a",103600000
3.175,-1.817,25.656,"chr a",103700000
2.334,-1.995,24.71,"chr a",103800000
0.772,-2.636,25.901,"chr a",103900000
0.853,-2.338,25.591,"chr a",104000000
0.441,-1.395,24.808,"chr a",104100000
1.12,-1.327,23.918,"chr a",104200000
1.122,-1.884,23.123,"chr a",104300000
0.625,-2.25,23.209,"chr a",104400000
-0.725,-2.214,23.516,"chr a",104500000
-0.665,-1.956,24.789,"chr a",104600000
0.144,-1.977,24.764,"chr a",104700000
0.449,-2.645,24.245,"chr a",104800000
0.766,-2.213,22.894,"chr a",104900000
0.882,-2.566,21.603,"chr a",105000000
0.5,-3.753,22.199,"chr a",105100000
-0.106,-3.873,21.875,"chr a",105200000
-0.289,-4.83,22.273,"chr a",105300000
1,-5.021,22.179,"chr a",105400000
1.276,-4.391,21.549,"chr a",105500000
0.365,-3.718,21.43,"chr a",105600000
-0.1,-4.864,21.263,"chr a",105700000
-0.463,-5.829,21.439,"chr a",105800000
-0.707,-6.192,22.658,"chr a",105900000
-1.314,-6.798,21.644,"chr a",106000000
-1.546,-7.419,21.727,"chr a",106100000
-2.31,-6.269,21.692,"chr a",106200000
-1.983,-7.234,22.505,"chr a",106300000
-1.744,-6.752,22.075,"chr a",106400000
-0.674,-6.768,22.423,"chr a",106500000
0.22,-6.5,21.443,"chr a",106600000
1.037,-5.793,21.912,"chr a",106700000
1.663,-5.855,22.909,"chr a",106800000
1.612,-4.77,23.414,"chr a",106900000
2.566,-4.78,23.963,"chr a",107000000
2.311,-4.617,25.015,"chr a",107100000
1.978,-5.345,25.287,"chr a",107200000
1.653,-6.181,24.711,"chr a",107300000
2.306,-7.028,25.03,"chr a",107400000
3.326,-6.841,24.57,"chr a",107500000
3.154,-6.274,25.42,"chr a",107600000
3.603,-5.765,24.843,"chr a",107700000
4.284,-4.835,25.18,"chr a",107800000
4.273,-5.053,25.544,"chr a",107900000
2.811,-5.438,26.549,"chr a",108000000
2.518,-5.805,26.485,"chr a",108100000
3.56,-5.529,26.634,"chr a",108200000
3.789,-6.836,26.291,"chr a",108300000
4.259,-6.468,25.898,"chr a",108400000
4.99,-6.647,25.665,"chr a",108500000
4.073,-5.084,25.594,"chr a",108600000
3.832,-5.065,24.386,"chr a",108700000
4.699,-4.561,24.047,"chr a",108800000
4.231,-4.596,24.125,"chr a",108900000
3.731,-3.739,25.049,"chr a",109000000
3.471,-2.695,24.315,"chr a",109100000
3.68,-3.186,24.254,"chr a",109200000
3.679,-4.068,23.176,"chr a",109300000
3.332,-3.948,22.525,"chr a",109400000
2.49,-2.438,23.256,"chr a",109500000
1.855,-2.306,24.799,"chr a",109600000
1.96,-3.318,25.87,"chr a",109700000
3.113,-3.602,25.959,"chr a",109800000
3.704,-3.662,25.517,"chr a",109900000
3.689,-4.106,26.619,"chr a",110000000
2.13,-1.852,26.891,"chr a",110100000
1.394,-1.201,26.826,"chr a",110200000
2.44,-0.525,26.794,"chr a",110300000
2.013,-0.494,25.902,"chr a",110400000
1.88,-0.301,25.63,"chr a",110500000
1.544,-0.146,24.675,"chr a",110600000
1.329,-1.09,24.207,"chr a",110700000
0.173,-0.493,23.718,"chr a",110800000
-0.812,0.866,25.274,"chr a",110900000
-0.126,0.698,26.119,"chr a",111000000
0.611,-0.309,26.454,"chr a",111100000
0.413,-1.222,25.553,"chr a",111200000
-0.252,-0.833,24.615,"chr a",111300000
0.324,-0.375,25.373,"chr a",111400000
-0.732,-0.991,25.84,"chr a",111500000
-1.088,-2.04,25.9,"chr a",111600000
-2.266,-5.101,23.031,"chr a",111700000
-1.453,-4.57,23.581,"chr a",111800000
-2.133,-4.812,23.837,"chr a",111900000
-3.557,-6.071,22.106,"chr a",112000000
-4.119,-6.4,22.235,"chr a",112100000
-3.606,-6.161,22.01,"chr a",112200000
-3.149,-6.647,22.17,"chr a",112300000
-3.224,-6.045,23.262,"chr a",112400000
-3.475,-6.548,23.545,"chr a",112500000
-4.846,-7.141,23.092,"chr a",112600000
-4.626,-7.724,22.707,"chr a",112700000
-4.469,-7.234,23.696,"chr a",112800000
-3.622,-7.662,24.41,"chr a",112900000
-2.881,-8.017,23.444,"chr a",113000000
-2.13,-7.693,23.029,"chr a",113100000
-2.035,-7.404,23.572,"chr a",113200000
-3.303,-7.191,23.795,"chr a",113300000
-4.236,-6.055,24.05,"chr a",113400000
-4.589,-5.528,24.382,"chr a",113500000
-4.798,-4.518,24.281,"chr a",113600000
-4.88,-4.132,23.926,"chr a",113700000
-3.801,-4.372,24.659,"chr a",113800000
-3.075,-4.319,24.043,"chr a",113900000
-3.328,-4.93,23.206,"chr a",114000000
-3.964,-5.57,23.566,"chr a",114100000
-3.053,-5.9,24.614,"chr a",114200000
-1.764,-6.335,25.12,"chr a",114300000
-2.266,-6.419,23.854,"chr a",114400000
-1.632,-5.41,23.495,"chr a",114500000
-2.256,-4.884,22.396,"chr a",114600000
-1.879,-5.341,22.376,"chr a",114700000
-1.471,-5.699,22.327,"chr a",114800000
-0.927,-5.968,23.371,"chr a",114900000
-1.739,-6.388,24.26,"chr a",115000000
-2.187,-6.916,25.039,"chr a",115100000
-2.65,-5.891,25.072,"chr a",115200000
-2.41,-5.028,25.625,"chr a",115300000
-3.168,-5.763,25.32,"chr a",115400000
-1.427,-6.026,23.625,"chr a",115500000
-0.518,-5.649,23.986,"chr a",115600000
-0.841,-5.464,25.094,"chr a",115700000
-0.975,-4.178,24.58,"chr a",115800000
-1.383,-3.4,23.956,"chr a",115900000
-1.134,-3.614,25.164,"chr a",116000000
-2.033,-4.146,25.398,"chr a",116100000
-1.292,-4.58,24.944,"chr a",116200000
-0.839,-4.544,22.633,"chr a",116300000
0.07,-5.219,23.18,"chr a",116400000
0.227,-5.261,24.003,"chr a",116500000
0.248,-4.802,24.862,"chr a",116600000
0.658,-4.968,23.98,"chr a",116700000
0.395,-4.364,24.91,"chr a",116800000
1.372,-3.966,25.25,"chr a",116900000
1.404,-3.72,24.606,"chr a",117000000
1.937,-3.392,23.527,"chr a",117100000
1.53,-3.19,22.573,"chr a",117200000
1.569,-3.945,23.094,"chr a",117300000
0.662,-4.071,22.579,"chr a",117400000
0.255,-4.039,23.071,"chr a",117500000
-0.698,-3.706,23.473,"chr a",117600000
-0.03,-3.767,23.844,"chr a",117700000
1.127,-3.528,24.207,"chr a",117800000
1.106,-3.447,24.192,"chr a",117900000
2.051,-2.928,23.124,"chr a",118000000
2.829,-3.641,23.491,"chr a",118100000
2.76,-3.541,22.353,"chr a",118200000
3.036,-3.573,21.296,"chr a",118300000
3.885,-2.485,21.258,"chr a",118400000
3.233,-2.311,21.729,"chr a",118500000
3.304,-1.182,21.491,"chr a",118600000
2.36,-1.91,21.545,"chr a",118700000
2.799,-1.894,20.642,"chr a",118800000
1.743,-0.306,19.714,"chr a",118900000
1.302,0.068,18.806,"chr a",119000000
1.724,0.807,19.142,"chr a",119100000
2.932,0.774,19.438,"chr a",119200000
3.449,0.756,19.611,"chr a",119300000
2.318,1,20.225,"chr a",119400000
2.295,1.146,20.699,"chr a",119500000
2.868,0.177,21.219,"chr a",119600000
2.643,0.749,21.963,"chr a",119700000
1.625,0.965,21.971,"chr a",119800000
1.383,1.241,21.64,"chr a",119900000
1.358,2.155,21.58,"chr a",120000000
1.962,2.371,21.051,"chr a",120100000
1.634,2.554,22.132,"chr a",120200000
1.554,3.181,23.037,"chr a",120300000
2.149,3.974,24.014,"chr a",120400000
2.48,3.6,23.732,"chr a",120500000
2.777,3.95,22.795,"chr a",120600000
2.387,3.586,21.962,"chr a",120700000
2.829,3.281,21.814,"chr a",120800000
3.237,3.552,22.16,"chr a",120900000
3.113,3.568,22.724,"chr a",121000000
2.353,2.649,22.924,"chr a",121100000
2.396,2.64,23.099,"chr a",121200000
1.548,1.835,23.263,"chr a",121300000
2.452,0.028,23.275,"chr a",121400000
2.326,0.782,23.329,"chr a",121500000
2.367,1.902,23.303,"chr a",121600000
2.932,1.899,23.54,"chr a",121700000
2.493,0.974,24.56,"chr a",121800000
2.049,1.042,25.785,"chr a",121900000
2.082,2.35,25.525,"chr a",122000000
1.419,2.231,24.69,"chr a",122100000
3.31,1.037,24.998,"chr a",122200000
3.691,-0.108,25.397,"chr a",122300000
5.629,-3.746,25.178,"chr a",122400000
5.89,-4.236,25.508,"chr a",122500000
6.535,-3.667,26.155,"chr a",122600000
5.886,-4.323,25.965,"chr a",122700000
5.303,-3.376,25.518,"chr a",122800000
5.064,-2.518,25.442,"chr a",122900000
5.153,-2,24.228,"chr a",123000000
5.875,-2.963,23.744,"chr a",123100000
6.229,-2.596,24.904,"chr a",123200000
5.878,-2.977,24.03,"chr a",123300000
5.932,-3.233,24,"chr a",123400000
6.56,-3.246,25.01,"chr a",123500000
6.577,-2.115,25.538,"chr a",123600000
5.245,-0.482,25.23,"chr a",123700000
4.347,0.168,25.703,"chr a",123800000
3.836,0.071,25.834,"chr a",123900000
2.641,0.746,25.772,"chr a",124000000
2.008,1.733,25.042,"chr a",124100000
1.354,2.415,24.459,"chr a",124200000
1.237,2.295,24.535,"chr a",124300000
1.544,1.312,23.508,"chr a",124400000
1.892,0.558,24.285,"chr a",124500000
0.727,0.52,24.405,"chr a",124600000
0.996,0.734,24.7,"chr a",124700000
-0.799,-0.584,24.01,"chr a",124800000
-1.471,-1.115,24.204,"chr a",124900000
-1.82,-2.315,24.118,"chr a",125000000
-2.822,-1.979,24.24,"chr a",125100000
-3.833,-2.649,24.423,"chr a",125200000
-3.786,-1.934,23.172,"chr a",125300000
-3.197,-1.898,22.024,"chr a",125400000
-3.005,-1.547,21.835,"chr a",125500000
-3.323,-2.266,21.515,"chr a",125600000
-4.291,-3.011,20.907,"chr a",125700000
-3.814,-2.808,20.417,"chr a",125800000
-4.824,-2.385,21.305,"chr a",125900000
-5.572,-2.442,20.658,"chr a",126000000
-5.356,-2.259,19.942,"chr a",126100000
-4.561,-2.712,19.407,"chr a",126200000
-3.939,-2.352,20.6,"chr a",126300000
-3.258,-1.852,21.558,"chr a",126400000
-4.388,-1.566,21.432,"chr a",126500000
-4.832,-1.093,21.269,"chr a",126600000
-5.28,-1.576,20.365,"chr a",126700000
-4.408,-1.441,20.562,"chr a",126800000
-4.15,-1.011,20.394,"chr a",126900000
-3.673,-0.984,20.591,"chr a",127000000
-3.6,-0.258,20.951,"chr a",127100000
-3.703,0.048,21.087,"chr a",127200000
-3.117,0.419,20.359,"chr a",127300000
-3.202,-0.082,19.447,"chr a",127400000
-2.163,-0.635,20.115,"chr a",127500000
-2.442,-1.304,20.566,"chr a",127600000
-2.634,-0.699,19.726,"chr a",127700000
-1.546,-0.464,19.988,"chr a",127800000
-2.002,-1.463,20.366,"chr a",127900000
-1.92,-0.788,20.178,"chr a",128000000
-1.533,-2.08,20.762,"chr a",128100000
-0.961,-2.261,21.103,"chr a",128200000
-0.215,-2.162,21.872,"chr a",128300000
0.069,-1.548,22.907,"chr a",128400000
-0.596,-2.247,23.035,"chr a",128500000
-0.645,-0.832,22.621,"chr a",128600000
-0.912,-0.665,22.265,"chr a",128700000
-0.895,-1.202,21.702,"chr a",128800000
-0.841,-0.63,21.478,"chr a",128900000
-0.873,0.03,21.603,"chr a",129000000
-1.654,-1.462,22.669,"chr a",129100000
-1.644,-1.659,22.295,"chr a",129200000
-1.828,-1.684,22.727,"chr a",129300000
-2.911,-1.72,23.281,"chr a",129400000
-4.016,-1.93,23.384,"chr a",129500000
-2.857,-2.224,23.449,"chr a",129600000
-2.583,-2.68,23.9,"chr a",129700000
-1.986,-2.98,24.231,"chr a",129800000
-0.434,-3.57,24.83,"chr a",129900000
-1.073,-3.391,22.708,"chr a",130000000
-1.6,-3.306,22.967,"chr a",130100000
-1.893,-3.385,22.014,"chr a",130200000
-2.321,-3.178,22.841,"chr a",130300000
-2.952,-3.201,22.62,"chr a",130400000
-3.633,-3.287,22.669,"chr a",130500000
-3.643,-4.3,22.659,"chr a",130600000
-4.111,-4.422,22.639,"chr a",130700000
-4.785,-3.671,23.196,"chr a",130800000
-4.225,-3.538,22.748,"chr a",130900000
-3.62,-3.441,22.33,"chr a",131000000
-3.278,-3.936,21.414,"chr a",131100000
-3.093,-4.246,20.772,"chr a",131200000
-3.976,-4.967,20.742,"chr a",131300000
-3.468,-5.12,20.202,"chr a",131400000
-3.954,-5.215,20.786,"chr a",131500000
-2.826,-5.578,20.555,"chr a",131600000
-2.198,-6.043,20.584,"chr a",131700000
-1.433,-5.629,20.201,"chr a",131800000
-1.442,-5.129,20.82,"chr a",131900000
-1.687,-4.518,20.855,"chr a",132000000
-1.317,-3.874,20.25,"chr a",132100000
-1.213,-3.715,20.522,"chr a",132200000
-0.571,-4.009,19.679,"chr a",132300000
0.465,-3.789,19.587,"chr a",132400000
0.493,-4.385,18.644,"chr a",132500000
-0.262,-4.648,17.748,"chr a",132600000
0.215,-4.964,16.735,"chr a",132700000
0.051,-4.701,15.74,"chr a",132800000
-0.129,-4.216,16.648,"chr a",132900000
-0.437,-3.37,17.511,"chr a",133000000
-1.043,-2.645,17.399,"chr a",133100000
-1.284,-1.644,17.536,"chr a",133200000
-1.97,-1.784,17.457,"chr a",133300000
-0.922,-1.157,17.274,"chr a",133400000
-0.042,-1.484,17.184,"chr a",133500000
-0.061,-2.169,17.497,"chr a",133600000
0.062,-2.661,16.633,"chr a",133700000
0.547,-2.627,17.257,"chr a",133800000
0.209,-2.563,16.044,"chr a",133900000
-1.034,-2.577,15.874,"chr a",134000000
-2.179,-3.049,16.017,"chr a",134100000
-1.907,-3.74,16.236,"chr a",134200000
-2.436,-4.014,15.866,"chr a",134300000
-3.545,-4.041,16.075,"chr a",134400000
-3.657,-3.975,16.591,"chr a",134500000
-3.128,-5.06,16.675,"chr a",134600000
-3.01,-5.539,15.879,"chr a",134700000
-4.172,-5.395,15.651,"chr a",134800000
-4.729,-5.501,15.73,"chr a",134900000
-5.196,-5.755,16.59,"chr a",135000000
-4.99,-6.603,16.938,"chr a",135100000
-4.208,-6.201,17.001,"chr a",135200000
-4.89,-6.593,16.375,"chr a",135300000
-5.301,-6.919,15.696,"chr a",135400000
-5.073,-7.337,16.732,"chr a",135500000
-5.358,-7.825,16.311,"chr a",135600000
-5.946,-7.91,16.38,"chr a",135700000
-6.628,-7.02,16.632,"chr a",135800000
-7.393,-6.454,15.724,"chr a",135900000
-6.225,-5.792,15.636,"chr a",136000000
-6.084,-5.883,15.962,"chr a",136100000
-6.39,-5.495,14.855,"chr a",136200000
-7.307,-4.905,15.1,"chr a",136300000
-7.445,-4.632,14.924,"chr a",136400000
-7.102,-4.411,16.366,"chr a",136500000
-6.02,-4.562,17.367,"chr a",136600000
-6.591,-4.495,16.827,"chr a",136700000
-7.674,-4.142,16.834,"chr a",136800000
-7.326,-3.478,17.142,"chr a",136900000
-7.306,-3.165,17.417,"chr a",137000000
-7.498,-2.885,17.561,"chr a",137100000
-7.375,-2.568,18.768,"chr a",137200000
-7.735,-1.967,18.551,"chr a",137300000
-8.777,-2.29,17.972,"chr a",137400000
-8.711,-1.811,17.892,"chr a",137500000
-8.294,-2.039,18.505,"chr a",137600000
-8.025,-3.297,18.946,"chr a",137700000
-8.388,-3.449,19.546,"chr a",137800000
-9.117,-2.341,19.524,"chr a",137900000
-8.265,-1.302,20.064,"chr a",138000000
-8.825,-0.892,19.134,"chr a",138100000
-9.497,-0.457,18.866,"chr a",138200000
-8.349,-0.112,18.811,"chr a",138300000
-8.99,0.783,18.52,"chr a",138400000
-8.247,1.151,17.953,"chr a",138500000
-7.824,0.789,17.827,"chr a",138600000
-7.725,-0.113,18.036,"chr a",138700000
-7.366,-0.993,18.293,"chr a",138800000
-6.578,-1.85,18.643,"chr a",138900000
-6.153,-1.45,18.925,"chr a",139000000
-5.781,-1.543,18.38,"chr a",139100000
-4.746,-1.14,18.368,"chr a",139200000
-4.295,-0.944,19.469,"chr a",139300000
-4.604,-0.568,19.392,"chr a",139400000
-4.314,0.859,19.941,"chr a",139500000
-3.456,2.513,20.868,"chr a",139600000
-3.149,3.516,21.34,"chr a",139700000
-2.61,4.034,20.79,"chr a",139800000
-2.557,3.686,21.409,"chr a",139900000
-2.331,3.262,22.218,"chr a",140000000
-1.353,3.145,22.833,"chr a",140100000
-1.298,3.453,24.278,"chr a",140200000
-0.468,2.826,24.577,"chr a",140300000
-0.025,1.814,25.088,"chr a",140400000
-0.789,2.208,24.358,"chr a",140500000
-1.634,2.174,24.905,"chr a",140600000
-2.494,2.33,24.057,"chr a",140700000
-2.553,2.897,23.578,"chr a",140800000
-1.83,3.307,22.591,"chr a",140900000
-2.168,4.246,22.693,"chr a",141000000
-3.263,3.912,23.079,"chr a",141100000
-3.58,3.646,22.481,"chr a",141200000
-4.443,3.077,22.687,"chr a",141300000
-4.337,2.235,23.373,"chr a",141400000
-4.67,1.553,22.65,"chr a",141500000
-4.61,1.708,21.463,"chr a",141600000
-4.269,0.885,22.266,"chr a",141700000
-3.347,0.498,22.892,"chr a",141800000
-3.251,-0.28,22.789,"chr a",141900000
-2.52,-0.356,21.719,"chr a",142000000
-2.33,-0.519,21.666,"chr a",142100000
-3.809,0.806,21.165,"chr a",142200000
-2.804,0.755,21.122,"chr a",142300000
-2.273,-0.152,21.514,"chr a",142400000
-2.298,0.094,22.749,"chr a",142500000
-2.182,0.191,23.033,"chr a",142600000
-3.183,1.046,22.408,"chr a",142700000
-2.775,1.948,22.427,"chr a",142800000
-2.983,2.068,23.098,"chr a",142900000
-2.51,1.438,24.191,"chr a",143000000
-2.727,0.588,24.768,"chr a",143100000
-2.115,0.617,23.903,"chr a",143200000
-1.276,1.355,23.552,"chr a",143300000
-0.59,1.106,22.996,"chr a",143400000
-1.538,1.53,22.597,"chr a",143500000
-1.725,1.577,21.691,"chr a",143600000
-2.06,2.002,20.79,"chr a",143700000
-3.928,2.123,19.723,"chr a",143800000
-3.536,0.936,19.515,"chr a",143900000
-3.946,1.763,20.221,"chr a",144000000
-4.997,1.943,19.724,"chr a",144100000
-5.041,2.968,19.115,"chr a",144200000
-5.51,2.83,18.954,"chr a",144300000
-6.161,2.372,19.868,"chr a",144400000
-5.935,1.468,19.839,"chr a",144500000
-5.399,1.272,19.624,"chr a",144600000
-5.898,2.416,18.884,"chr a",144700000
-6.795,1.327,19.161,"chr a",144800000
-7.745,1.889,19.276,"chr a",144900000
-7.701,2.475,20.182,"chr a",145000000
-6.894,3.194,20.063,"chr a",145100000
-6.298,3.44,20.73,"chr a",145200000
-6.228,2.202,20.829,"chr a",145300000
-6.74,-0.134,19.733,"chr a",145400000
-7.812,-0.87,19.646,"chr a",145500000
-8.02,0.26,19.782,"chr a",145600000
-8.514,0.603,19.797,"chr a",145700000
-8.235,0.82,20.947,"chr a",145800000
-7.196,0.635,20.735,"chr a",145900000
-6.266,-0.093,20.333,"chr a",146000000
-6.749,-0.199,19.709,"chr a",146100000
-6.469,0.16,18.595,"chr a",146200000
-6.188,-0.149,18.153,"chr a",146300000
-5.546,0.034,18.919,"chr a",146400000
-5.4,0.053,20.232,"chr a",146500000
-5.681,0.658,21.273,"chr a",146600000
-6.197,0.599,21.511,"chr a",146700000
-6.347,-0.543,21.812,"chr a",146800000
-5.58,-1.276,21.629,"chr a",146900000
-4.999,-0.905,22.057,"chr a",147000000
-4.588,-0.451,21.793,"chr a",147100000
-6.489,-1.655,20.878,"chr a",147200000
-7.088,-1.777,21.073,"chr a",147300000
-6.234,-2.131,22.136,"chr a",147400000
-5.667,-2.144,22.521,"chr a",147500000
-4.994,-2.763,21.923,"chr a",147600000
-5.38,-4.229,21.466,"chr a",147700000
-5.964,-5.14,20.713,"chr a",147800000
-6.551,-5.218,21.833,"chr a",147900000
-6.645,-4.673,21.507,"chr a",148000000
-5.615,-3.984,22.135,"chr a",148100000
-5.431,-4.318,21.425,"chr a",148200000
-5.317,-5.367,22.469,"chr a",148300000
-5.27,-5.285,22.597,"chr a",148400000
-6.275,-4.609,23.026,"chr a",148500000
-6.846,-3.827,22.62,"chr a",148600000
-6.537,-3.371,21.327,"chr a",148700000
-6.915,-2.869,21.763,"chr a",148800000
-7.512,-3.978,22.108,"chr a",148900000
-7.817,-3.181,21.384,"chr a",149000000
-8.259,-2.73,20.992,"chr a",149100000
-8.729,-3.012,20.054,"chr a",149200000
-7.724,-2.446,20.339,"chr a",149300000
-6.786,-2.452,19.854,"chr a",149400000
-7.006,-3.557,20.168,"chr a",149500000
-7.483,-3.998,20.572,"chr a",149600000
-7.852,-3.956,21.696,"chr a",149700000
-7.699,-4.955,21.175,"chr a",149800000
-7.507,-5.48,20.293,"chr a",149900000
-7.48,-5.228,19.245,"chr a",150000000
-7.162,-4.246,18.594,"chr a",150100000
-6.742,-4.916,18.548,"chr a",150200000
-5.707,-5.279,18.604,"chr a",150300000
-4.717,-4.947,19.007,"chr a",150400000
-5.347,-4.046,20.231,"chr a",150500000
-6.193,-3.376,20.846,"chr a",150600000
-5.084,-3.078,21.06,"chr a",150700000
-5.954,-3.954,19.708,"chr a",150800000
-6.088,-3.204,18.725,"chr a",150900000
-5.494,-3.256,19.119,"chr a",151000000
-4.756,-3.353,19.723,"chr a",151100000
-4.462,-4.065,19.337,"chr a",151200000
-4.769,-4.018,18.341,"chr a",151300000
-4.588,-3.305,17.559,"chr a",151400000
-3.91,-2.544,17.278,"chr a",151500000
-3.653,-3.116,17.778,"chr a",151600000
-3.337,-3.888,18.601,"chr a",151700000
-3.204,-2.53,20.167,"chr a",151800000
-3.217,-3.65,19.862,"chr a",151900000
-2.488,-2.672,19.889,"chr a",152000000
-2.197,-3.04,18.958,"chr a",152100000
-3.142,-3.237,19.73,"chr a",152200000
-4.066,-2.221,19.119,"chr a",152300000
-3.305,-1.675,18.876,"chr a",152400000
-2.581,-1.67,19.139,"chr a",152500000
-1.513,-2.239,19.183,"chr a",152600000
-1.098,-1.861,19.135,"chr a",152700000
-0.683,-1.395,18.743,"chr a",152800000
-0.081,-0.875,18.816,"chr a",152900000
-0.542,-0.01,19.022,"chr a",153000000
-1.143,0.421,18.411,"chr a",153100000
-2.033,-0.273,18.259,"chr a",153200000
-1.374,-0.548,18.4,"chr a",153300000
-1.373,0.617,17.919,"chr a",153400000
-0.12,2.871,17.309,"chr a",153500000
-0.189,3.676,16.696,"chr a",153600000
-1.075,4.13,16.661,"chr a",153700000
-1.163,4.828,15.495,"chr a",153800000
-0.726,5.492,14.779,"chr a",153900000
-1.872,5.33,14.391,"chr a",154000000
-2.219,4.849,14.064,"chr a",154100000
-2.165,5.441,15.087,"chr a",154200000
-1.957,4.902,15.082,"chr a",154300000
-0.934,4.379,14.999,"chr a",154400000
-0.575,4.576,13.949,"chr a",154500000
-0.663,4.556,14.987,"chr a",154600000
-1.2,5.51,15.526,"chr a",154700000
-0.825,5.896,16.18,"chr a",154800000
0.095,4.982,16.214,"chr a",154900000
0.615,4.755,15.169,"chr a",155000000
0.59,5.197,14.691,"chr a",155100000
0.466,5.402,15.79,"chr a",155200000
-0.187,5.919,16.455,"chr a",155300000
-0.093,5.83,16.669,"chr a",155400000
0.729,6.269,17.027,"chr a",155500000
0.356,5.053,17.42,"chr a",155600000
0.185,4.494,17.483,"chr a",155700000
0.044,5.004,18.088,"chr a",155800000
-0.268,5.947,17.956,"chr a",155900000
-0.31,6.607,19.341,"chr a",156000000
-0.148,6.4,19.641,"chr a",156100000
-0.515,6.044,20.302,"chr a",156200000
-0.832,5.465,20.39,"chr a",156300000
-0.949,4.964,21.223,"chr a",156400000
-0.641,4.303,22.475,"chr a",156500000
-0.759,3.892,23.62,"chr a",156600000
-0.564,3.728,22.522,"chr a",156700000
-0.378,4.043,21.539,"chr a",156800000
0.714,3.561,21.226,"chr a",156900000
0.912,3.461,21.475,"chr a",157000000
0.393,2.488,23.17,"chr a",157100000
0.183,3.464,23.425,"chr a",157200000
0.087,3.646,22.743,"chr a",157300000
0.18,2.891,22.779,"chr a",157400000
0.983,3.34,23.432,"chr a",157500000
1.158,4.307,24.154,"chr a",157600000
0.345,5.161,23.701,"chr a",157700000
-1.092,6.286,22.468,"chr a",157800000
0.159,6.836,21.694,"chr a",157900000
0.806,6.393,22.759,"chr a",158000000
1.409,5.304,23.023,"chr a",158100000
1.24,4.794,22.467,"chr a",158200000
2.126,4.853,21.462,"chr a",158300000
1.748,5.657,22.152,"chr a",158400000
1.695,5.411,22.312,"chr a",158500000
0.255,4.648,24.338,"chr a",158600000
-0.363,5.171,23.662,"chr a",158700000
0.113,6.35,23.327,"chr a",158800000
0.316,6.862,22.735,"chr a",158900000
0.001,7.244,24.001,"chr a",159000000
-0.16,6.301,24.008,"chr a",159100000
-1.496,5.169,23.462,"chr a",159200000
-2.04,4.64,22.523,"chr a",159300000
-2.512,5.265,23.189,"chr a",159400000
-3.033,5.391,23.775,"chr a",159500000
-3.211,5.923,22.866,"chr a",159600000
-2.99,5.903,22.126,"chr a",159700000
-3.365,5.905,21.577,"chr a",159800000
-3.387,5.186,21.337,"chr a",159900000
-3.227,5.098,21.447,"chr a",160000000
-4.614,6.371,20.229,"chr a",160100000
-5.186,6.014,19.139,"chr a",160200000
-6.556,4.806,20.901,"chr a",160300000
-7.446,4.363,20.615,"chr a",160400000
-6.908,4.128,19.781,"chr a",160500000
-4.517,3.026,18.365,"chr a",160600000
-3.588,2.546,18.014,"chr a",160700000
-4.159,2.356,17.332,"chr a",160800000
-4.985,1.744,18.05,"chr a",160900000
-4.847,1.242,17.782,"chr a",161000000
-4.616,1.446,18.273,"chr a",161100000
-4.234,1.285,18.986,"chr a",161200000
-4.453,2.123,20.137,"chr a",161300000
-4.926,3.015,20.735,"chr a",161400000
-5.985,5.563,20.399,"chr a",161500000
-6.309,5.861,20.192,"chr a",161600000
-5.108,4.638,20.257,"chr a",161700000
-4.048,4.584,19.96,"chr a",161800000
-4.757,4.483,20.165,"chr a",161900000
-5.196,5.749,20.304,"chr a",162000000
-5.126,5.71,21.223,"chr a",162100000
-4.921,5.671,21.768,"chr a",162200000
-4.953,4.856,21.113,"chr a",162300000
-4.448,4.657,21.553,"chr a",162400000
-4.244,4.604,20.109,"chr a",162500000
-3.377,4.403,19.246,"chr a",162600000
-3.684,5.216,19.796,"chr a",162700000
-3.361,5.258,20.516,"chr a",162800000
-2.396,5.946,20.822,"chr a",162900000
-1.386,7.007,20.484,"chr a",163000000
-0.45,7.095,21.01,"chr a",163100000
-0.768,7.495,21.995,"chr a",163200000
-1.1,7.81,22.889,"chr a",163300000
-1.872,7.044,23.483,"chr a",163400000
-1.884,6.926,23.302,"chr a",163500000
-1.357,6.121,23.404,"chr a",163600000
-1.318,6.259,22.235,"chr a",163700000
-1.482,6.772,21.328,"chr a",163800000
-1.256,5.772,21.634,"chr a",163900000
-0.132,5.63,22.168,"chr a",164000000
-0.051,5.599,22.622,"chr a",164100000
0.31,5.097,21.546,"chr a",164200000
0.861,5.077,20.54,"chr a",164300000
0.647,6.205,20.989,"chr a",164400000
0.479,5.411,20.741,"chr a",164500000
1.44,5.605,21.285,"chr a",164600000
2.223,5.765,23.339,"chr a",164700000
2.133,5.678,23.737,"chr a",164800000
1.373,5.831,24.361,"chr a",164900000
1.391,4.645,22.761,"chr a",165000000
1.426,4.24,21.423,"chr a",165100000
1.814,3.994,20.469,"chr a",165200000
1.626,2.841,20.477,"chr a",165300000
1.246,1.832,19.96,"chr a",165400000
0.883,1.012,19.936,"chr a",165500000
0.541,1.638,20.114,"chr a",165600000
0.544,2.674,19.578,"chr a",165700000
-0.067,3.199,20.172,"chr a",165800000
-0.764,2.46,21.128,"chr a",165900000
-0.756,1.571,20.615,"chr a",166000000
0.074,1.723,21.321,"chr a",166100000
-0.298,2.67,21.281,"chr a",166200000
-0.825,3.936,21.314,"chr a",166300000
-1.848,4.471,21.496,"chr a",166400000
-3.734,2.614,21.618,"chr a",166500000
-4.597,3.246,20.963,"chr a",166600000
-4.853,3.427,19.769,"chr a",166700000
-5.677,3.76,19.211,"chr a",166800000
-4.61,3.723,18.57,"chr a",166900000
-3.995,4.169,18.56,"chr a",167000000
-3.403,4.873,17.854,"chr a",167100000
-4.66,4.876,18.123,"chr a",167200000
-4.99,4.405,18.037,"chr a",167300000
-5.132,5.29,18.834,"chr a",167400000
-6.17,4.37,19.177,"chr a",167500000
-5.828,5.087,18.653,"chr a",167600000
-6.324,5.396,18.995,"chr a",167700000
-7.201,5.001,18.878,"chr a",167800000
-6.428,4.869,17.156,"chr a",167900000
-6.876,4.86,15.882,"chr a",168000000
-7.065,4.449,16.518,"chr a",168100000
-7,4.477,17.644,"chr a",168200000
-7.64,4.135,18.11,"chr a",168300000
-8.607,3.557,18.726,"chr a",168400000
-9.916,3.898,18.297,"chr a",168500000
-9.555,3.616,18.34,"chr a",168600000
-8.292,3.299,17.961,"chr a",168700000
-7.566,3.152,18.345,"chr a",168800000
-7.807,4.314,18.093,"chr a",168900000
-8.133,3.925,17.561,"chr a",169000000
-9.079,3.904,17.062,"chr a",169100000
-7.639,2.716,17.245,"chr a",169200000
-6.441,3.335,17.402,"chr a",169300000
-5.885,3.571,17.137,"chr a",169400000
-6.247,3.051,17.252,"chr a",169500000
-7.401,2.459,16.545,"chr a",169600000
-7.375,3.531,16.593,"chr a",169700000
-7.539,2.891,15.52,"chr a",169800000
-6.515,2.113,14.984,"chr a",169900000
-5.974,2.43,14.246,"chr a",170000000
-6.788,1.372,14.283,"chr a",170100000
-6.113,0.552,14.1,"chr a",170200000
-5.804,0.866,13.843,"chr a",170300000
-6.741,0.449,13.318,"chr a",170400000
-6.74,-0.55,13.299,"chr a",170500000
-6.112,-0.945,14.278,"chr a",170600000
-5.22,-0.406,14.29,"chr a",170700000
-5.117,-0.672,15.527,"chr a",170800000
-4.413,-0.326,16.781,"chr a",170900000
-4.441,-1.501,16.85,"chr a",171000000
-3.236,-1.296,16.61,"chr a",171100000
-3.525,-0.341,15.813,"chr a",171200000
-4.67,0.466,15.829,"chr a",171300000
-5.07,1.542,15.876,"chr a",171400000
-5.729,4.084,15.706,"chr a",171500000
-6.365,5.26,16.225,"chr a",171600000
-5.93,5.973,16.954,"chr a",171700000
-6.042,5.952,17.034,"chr a",171800000
-6.16,6.776,16.447,"chr a",171900000
-5.033,6.39,17.262,"chr a",172000000
-4.334,6.34,16.766,"chr a",172100000
-4.907,6.752,15.985,"chr a",172200000
-4.574,6.543,16.211,"chr a",172300000
-5.616,7.323,16.594,"chr a",172400000
-5.78,7.057,18.216,"chr a",172500000
-5.813,6.734,19.381,"chr a",172600000
-6.621,7.496,19.639,"chr a",172700000
-6.788,8.712,19.975,"chr a",172800000
-6.134,8.856,20.242,"chr a",172900000
-7.495,8.003,20.579,"chr a",173000000
-8.236,7.387,20.068,"chr a",173100000
-8.118,8.431,19.503,"chr a",173200000
-8.728,8.862,19.213,"chr a",173300000
-8.174,8.465,18.785,"chr a",173400000
-7.041,8.103,19.175,"chr a",173500000
-6.602,7.244,19.4,"chr a",173600000
-6.833,7.963,18.165,"chr a",173700000
-6.909,9.004,18.504,"chr a",173800000
-6.204,9.703,19.036,"chr a",173900000
-6.561,9.57,20.403,"chr a",174000000
-7.758,9.789,20.577,"chr a",174100000
-8.661,10.215,19.891,"chr a",174200000
-7.926,10.099,19.172,"chr a",174300000
-6.987,10.554,18.874,"chr a",174400000
-6.742,10.658,19.68,"chr a",174500000
-7.085,11.756,19.351,"chr a",174600000
-8.008,11.274,19.545,"chr a",174700000
-8.008,11.863,19.066,"chr a",174800000
-7.498,12.016,18.123,"chr a",174900000
-6.408,12.758,18.433,"chr a",175000000
-5.957,12.823,17.435,"chr a",175100000
-6.546,12.81,16.891,"chr a",175200000
-7.398,12.168,17.244,"chr a",175300000
-7.106,12.747,18.409,"chr a",175400000
-5.814,12.59,18.298,"chr a",175500000
-5.801,11.499,18.143,"chr a",175600000
-5.616,11.035,18.139,"chr a",175700000
-5.601,10.17,18.31,"chr a",175800000
-4.527,10.004,18.38,"chr a",175900000
-4.001,9.768,19.68,"chr a",176000000
-5.009,10.395,20.231,"chr a",176100000
-5.086,10.335,20.961,"chr a",176200000
-4.613,10.003,20.498,"chr a",176300000
-3.682,9.701,20.4,"chr a",176400000
-4.082,9.329,19.256,"chr a",176500000
-3.926,10.156,18.695,"chr a",176600000
-3.849,10.323,17.566,"chr a",176700000
-3.195,10.272,17.88,"chr a",176800000
-3.401,10.323,20.803,"chr a",176900000
-2.167,8.448,20.209,"chr a",177000000
-2.528,7.453,21.061,"chr a",177100000
-2.918,7.525,20.037,"chr a",177200000
-3.622,8.677,19.819,"chr a",177300000
-4.33,8.593,20.547,"chr a",177400000
-3.611,8.462,21.074,"chr a",177500000
-2.999,8.362,20.219,"chr a",177600000
-1.781,8.498,19.825,"chr a",177700000
-0.86,7.921,20.378,"chr a",177800000
-0.196,8.031,21.187,"chr a",177900000
0.71,8.194,21.331,"chr a",178000000
1.222,7.948,20.847,"chr a",178100000
0.886,7.973,20.146,"chr a",178200000
1.285,7.847,19.884,"chr a",178300000
1.739,8.181,20.817,"chr a",178400000
1.215,7.979,21.908,"chr a",178500000
1.046,8.002,23.068,"chr a",178600000
1.511,7.331,23.164,"chr a",178700000
1.521,6.807,22.749,"chr a",178800000
1.907,6.675,21.671,"chr a",178900000
2.526,6.582,22.104,"chr a",179000000
2.076,6.564,21.071,"chr a",179100000
1.472,6.859,20.084,"chr a",179200000
1.642,6.502,19.608,"chr a",179300000
1.636,5.505,19.266,"chr a",179400000
1.632,4.966,19.516,"chr a",179500000
0.597,5.117,19.134,"chr a",179600000
0.439,5.675,18.915,"chr a",179700000
0.686,4.563,18.882,"chr a",179800000
1.587,2.269,18.093,"chr a",179900000
2.248,2.6,17.13,"chr a",180000000
2.925,3.036,16.175,"chr a",180100000
2.536,2.906,15.863,"chr a",180200000
1.971,3.79,15.437,"chr a",180300000
1.748,3.317,16.364,"chr a",180400000
1.178,2.948,15.961,"chr a",180500000
1.539,2.106,15.31,"chr a",180600000
0.68,1.79,16.102,"chr a",180700000
0.627,1.795,16.212,"chr a",180800000
-0.656,1.402,15.679,"chr a",180900000
-0.933,1.858,15.932,"chr a",181000000
-2.159,1.847,15.622,"chr a",181100000
-2.315,1.715,14.819,"chr a",181200000
-1.999,2.179,14.988,"chr a",181300000
-2.622,2.829,14.142,"chr a",181400000
-1.945,3.515,13.737,"chr a",181500000
-1.755,3.213,14.899,"chr a",181600000
-2.807,3.542,14.876,"chr a",181700000
-2.446,3.975,14.695,"chr a",181800000
-2.57,3.457,15.995,"chr a",181900000
-3.011,2.787,16.174,"chr a",182000000
-2.573,3.373,16.766,"chr a",182100000
-2.058,3.555,17.681,"chr a",182200000
-2.546,4.837,18.274,"chr a",182300000
-1.209,4.92,18.851,"chr a",182400000
-0.845,4.183,18.453,"chr a",182500000
-0.125,3.362,18.23,"chr a",182600000
-0.684,3.397,18.436,"chr a",182700000
-0.672,2.577,19.368,"chr a",182800000
-0.627,1.945,19.478,"chr a",182900000
0.004,1.464,18.441,"chr a",183000000
0.158,1.726,18.29,"chr a",183100000
0.104,1.703,18.396,"chr a",183200000
-0.834,1.594,17.821,"chr a",183300000
-1.702,2.118,18.242,"chr a",183400000
-2.066,3.001,18.849,"chr a",183500000
-3.29,2.652,19.25,"chr a",183600000
-3.443,2.879,19.67,"chr a",183700000
-2.545,2.273,20.224,"chr a",183800000
-2.572,1.704,19.747,"chr a",183900000
-2.642,1.55,18.434,"chr a",184000000
-2.311,1.77,19.115,"chr a",184100000
-3.18,3.45,21.216,"chr a",184200000
-3.149,3.426,20.094,"chr a",184300000
-2.661,3.737,19.408,"chr a",184400000
-1.867,3.865,20.243,"chr a",184500000
-1.34,3.166,20.687,"chr a",184600000
-1.058,4.368,19.935,"chr a",184700000
-1.495,5.543,18.765,"chr a",184800000
-1.396,5.829,18.353,"chr a",184900000
-1.711,6.657,19.317,"chr a",185000000
-1.965,6.783,19.391,"chr a",185100000
-0.729,7.258,19.05,"chr a",185200000
0.474,7.581,18.495,"chr a",185300000
-0.062,7.662,18.059,"chr a",185400000
-0.829,6.908,17.85,"chr a",185500000
-1.814,7.388,17.614,"chr a",185600000
-2.389,6.913,17.364,"chr a",185700000
-2.195,7.422,17.94,"chr a",185800000
-2.734,7.689,18.424,"chr a",185900000
-3.178,8.702,17.773,"chr a",186000000
-3.899,8.55,17.802,"chr a",186100000
-3.058,8.526,18.32,"chr a",186200000
-2.689,8.56,17.505,"chr a",186300000
-1.504,8.149,18.46,"chr a",186400000
-0.868,7.831,18.389,"chr a",186500000
-0.99,8.882,18.421,"chr a",186600000
-1.473,9.538,18.532,"chr a",186700000
-1.889,10.799,19.151,"chr a",186800000
-2.043,11.249,18.242,"chr a",186900000
-1.637,9.983,18.683,"chr a",187000000
-2.097,9.792,19.641,"chr a",187100000
-2.449,10.008,19.076,"chr a",187200000
-3.119,10.942,19.031,"chr a",187300000
-2.898,10.635,19.106,"chr a",187400000
-2.446,11.212,19.413,"chr a",187500000
-1.866,11.162,19.841,"chr a",187600000
-2.556,10.261,20.352,"chr a",187700000
-2.641,10.077,20.749,"chr a",187800000
-1.656,9.588,20.283,"chr a",187900000
-2.274,10.247,20.972,"chr a",188000000
-1.776,9.688,21.537,"chr a",188100000
-2.174,8.57,21.193,"chr a",188200000
-1.895,8.737,21.683,"chr a",188300000
-2.48,7.674,21.655,"chr a",188400000
-2.009,6.885,21.211,"chr a",188500000
-2.744,7.207,22.223,"chr a",188600000
-3.232,8.651,21.855,"chr a",188700000
-3.119,8.843,20.451,"chr a",188800000
-3.937,8.395,19.367,"chr a",188900000
-4.561,6.935,19.75,"chr a",189000000
-3.816,7.071,20.567,"chr a",189100000
-3.1,7.261,20.662,"chr a",189200000
-3.895,7.212,19.715,"chr a",189300000
-3.636,6.811,18.783,"chr a",189400000
-3.514,7.469,19.078,"chr a",189500000
-3.268,6.181,18.832,"chr a",189600000
-2.836,6.054,19.944,"chr a",189700000
-2.32,5.756,20.059,"chr a",189800000
-4.293,7.482,21.039,"chr a",189900000
-5.555,8.35,20.498,"chr a",190000000
-4.963,8.439,20.614,"chr a",190100000
-5.669,7.46,20.452,"chr a",190200000
-5.903,7.444,20.926,"chr a",190300000
-5.315,7.824,19.142,"chr a",190400000
-5.287,8.877,19.248,"chr a",190500000
-5.267,8.251,18.942,"chr a",190600000
-4.99,7.68,18.969,"chr a",190700000
-4.618,8.258,17.93,"chr a",190800000
-5.059,8.686,17.795,"chr a",190900000
-5.564,8.515,16.897,"chr a",191000000
-4.618,9.076,16.117,"chr a",191100000
-6.025,9.57,14.501,"chr a",191200000
-5.527,9.191,14.013,"chr a",191300000
-4.414,8.844,14.144,"chr a",191400000
-4.743,9.114,14.413,"chr a",191500000
-5.069,10.023,14.858,"chr a",191600000
-5.55,9.642,16.888,"chr a",191700000
-6.198,9.743,15.764,"chr a",191800000
-6.381,10.472,14.77,"chr a",191900000
-7.396,10.788,14.976,"chr a",192000000
-7.247,10.383,15.381,"chr a",192100000
-7.624,10.951,16.232,"chr a",192200000
-6.748,11.081,17.143,"chr a",192300000
-7.059,11.24,16.614,"chr a",192400000
-6.936,12.359,15.883,"chr a",192500000
-6.975,11.526,15.632,"chr a",192600000
-6.45,11.605,15.251,"chr a",192700000
-5.999,11.047,16.195,"chr a",192800000
-5.566,11.319,16.352,"chr a",192900000
-5.673,11.786,15.939,"chr a",193000000
-5.291,12.338,15.692,"chr a",193100000
-5.033,13.156,16.632,"chr a",193200000
-4.424,12.511,17.599,"chr a",193300000
-4.495,12.355,18.591,"chr a",193400000
-4.04,12.008,18.802,"chr a",193500000
-4.589,11.772,17.803,"chr a",193600000
-4.343,11.024,19.327,"chr a",193700000
-5.295,10.794,19.714,"chr a",193800000
-4.204,11.491,20.338,"chr a",193900000
-3.69,11.602,20.229,"chr a",194000000
-4.295,11.397,21.237,"chr a",194100000
-4.666,12.384,20.949,"chr a",194200000
-5.36,12.142,19.937,"chr a",194300000
-4.731,11.295,19.331,"chr a",194400000
-5.273,11.138,19.141,"chr a",194500000
-6.203,10.759,19.821,"chr a",194600000
-6.97,10.594,20.609,"chr a",194700000
-7.486,10.096,19.157,"chr a",194800000
-7.832,10.086,18.134,"chr a",194900000
-6.931,9.049,18.171,"chr a",195000000
-6.996,9.291,17.721,"chr a",195100000
-7.056,9.324,17.051,"chr a",195200000
-7.402,8.996,15.843,"chr a",195300000
-7.642,8.826,16.047,"chr a",195400000
